神奇校车·图画书版（全12册，新增《科学博览会》1册）,贵州人民出版社,¥99.00,¥198.00,2018-05-10
人间失格（日本小说家太宰治的自传体小说，李现推荐）,作家出版社,¥9.50,¥25.00,2015-08-01
小熊和最好的爸爸（全7册）,贵州人民出版社,¥4.99,¥35.00,2007-11-01
古汉语常用字字典（第5版）,商务印书馆,¥17.50,¥39.90,2016-04-01
正面管教(修订版),北京联合出版公司,¥34.00,¥38.00,2016-07-01
少年读史记（套装全5册）,青岛出版社,¥23.90,¥100.00,2015-09-01
摆渡人3无境之爱（千万畅销心灵治愈小说“摆渡人”系列完结篇，令,百花洲文艺出版社,¥12.99,¥46.00,2019-04-01
活着（2017年新版）,作家出版社,¥50.00,¥28.00,2012-08-01
红星照耀中国（青少版）人民文学出版社,人民文学出版社,¥31.74,¥33.00,2017-06-01
流浪的地球（刘慈欣著，无删节无改写，大人孩子均可阅读，此版本,浙江教育出版社,¥9.99,¥29.00,2018-05-01
朝花夕拾（“教育部统编《语文》推荐阅读丛书”）部编教材七年级,人民文学出版社,¥14.00,¥22.00,2018-04-01
断舍离,广西科学技术出版社,¥9.99,¥32.00,2013-07-01
月亮与六便士（新版未删节！2018当当名著桂冠！2017豆瓣阅读桂冠,浙江文艺出版社,¥26.40,¥39.80,2017-01-10
神奇校车·桥梁书版（全20册）,贵州人民出版社,¥13.00,¥150.00,2014-04-01
追风筝的人（2018年新版）,上海人民出版社,¥19.10,¥36.00,2006-05-01
写给儿童的中国历史（全14册）,新世界出版社,¥16.00,¥355.00,2014-04-01
人生海海（教育部推荐阅读！莫言、董卿、杨洋、王家卫倾力推荐）,北京十月文艺出版社,¥6.99,¥55.00,2019-04-16
我的第一本地理启蒙书,新世界出版社,¥19.90,¥49.80,2016-06-01
小学生必背古诗词75+80首 20多万读者好评，不同印次随机发货,华语教学出版社,¥3.99,¥28.00,2014-02-01
丰子恺万般滋味，都是生活,华中科技大学出版社,¥75.00,¥42.00,2018-09-01
乌丢丢的奇遇 曹文轩推荐儿童文学经典书系 24万多名读者热评！,北京教育出版社,¥14.10,¥18.80,2015-04-01
笑背古诗：漫画版（全4册 ），中国诗词大会点评嘉宾推荐 含小学生,湖南教育出版社,¥70.00,¥140.00,2019-05-01
野兽国 （凯迪克金奖绘本，莫里斯桑达克代表品）,贵州人民出版社,¥18.00,¥36.00,2014-06-01
平凡的世界：全三册（朱一龙推荐，八年级下册自主阅读推荐）,北京十月文艺出版社,¥74.50,¥108.00,2017-06-01
我不敢说，我怕被骂,北京联合出版公司,¥59.99,¥34.80,2016-09-01
我爸爸+我妈妈（全2册）,中信出版社,¥17.40,¥71.60,2014-05-01
养育男孩（典藏版）,北京十月文艺出版社,¥48.60,¥32.00,2014-04-01
牧羊少年奇幻之旅（央视《朗读者》、湖南卫视《天天向上》、李现,天津人民出版社,¥15.80,¥35.00,2018-01-01
浮生六记（李现推荐版本，畅销300万册，1041725条当当读者五星好,湖南文艺出版社,¥5.99,¥32.00,2015-08-01
小孩（大冰2019全新作品！5分钟销量6.3万册+，30分钟突破12.4万册,河北教育出版社,¥24.20,¥39.60,2019-07-01
我喜欢自己,安徽教育出版社,¥11.99,¥27.80,2011-05-01
朝花夕拾（新课标·部编本教材推荐阅读  七年级上）,作家出版社,¥16.00,¥18.00,2015-01-01
我喜欢生命本来的样子(周国平经典散文作品集),南海出版公司,¥2.99,¥45.00,2017-02-01
马尔克斯：百年孤独（50周年纪念版）,海豚出版社,¥21.80,¥55.00,2017-08-01
一看就会的思维导图启蒙绘本（歪歪兔童书馆出品）,贵州教育出版社,¥13.90,¥128.00,2019-04-30
手不是用来打人的（儿童好品德系列，全5册）,人民教育出版社,¥15.30,¥99.00,2018-04-01
红星照耀中国 八年级上 人教版名著阅读课程化丛书 教育部统编教材,人民邮电出版社,¥0.00,¥43.80,2018-06-01
福尔摩斯探案集（中小学新课标必读名著）130000多名读者热评！,北京联合出版有限公司,¥22.00,¥17.80,2014-03-01
天才在左 疯子在右(2018全新完整版),商务印书馆国际有限公司,¥41.30,¥49.80,2018-05-01
东野圭吾：白夜行（易烊千玺、邓伦推荐，东野圭吾作品无冕之王）,南海出版公司,¥41.10,¥59.60,2017-08-09
拼音真好玩（全彩6册）（从幼小衔接到一年级，拼音学习必备启蒙书,电子工业出版社,¥19.99,¥99.00,2018-10-15
任溶溶系列：没头脑和不高兴(注音版）,浙江少年儿童出版社,¥49.50,¥18.00,2018-04-01
如何说孩子才会听 怎么听孩子才肯说（全新修订版）,中央编译出版社,¥9.00,¥36.80,2016-09-01
好看的皮囊千篇一律，有趣的灵魂万里挑一（老杨的猫头鹰最新作品,现代出版社,¥18.30,¥39.80,2017-11-11
米小圈上学记一年级（套装共4册）,四川少儿出版社,¥3.99,¥100.00,2018-04-01
西游记（上下）原著（教育部统编《语文》推荐阅读丛书）,人民文学出版社,¥19.90,¥56.00,2018-05-30
花婆婆,河北教育出版社,¥50.00,¥32.80,2014-12-01
曹文轩纯美小说系列：草房子,江苏凤凰少年儿童出版社,¥51.70,¥22.00,2016-04-01
苏菲的世界（新版）,作家出版社,¥21.00,¥38.00,2017-09-19
半小时漫画中国史1+中国史2+中国史3+世界史（套装共4册，作者签章,江苏文艺出版社,¥11.00,¥159.60,2018-07-01
摆渡人2：重返荒原（系列畅销千万册。每一个镌刻着爱与善意的灵魂,百花洲文艺出版社,¥19.00,¥42.80,2017-09-01
郑渊洁四大名传：皮皮鲁传,浙江少年儿童出版社,¥7.99,¥25.00,2015-12-01
小鸡球球触感玩具书：全5册,长江少年儿童出版社,¥79.80,¥250.00,2016-11-15
边城：沈从文小说精粹（一曲爱与美的田园牧歌）,中国友谊出版公司,¥45.99,¥32.00,2019-04-01
宫西达也超级绘本（加法超人与算术星人+狐狸爸爸笑了等全11册）,青岛出版社,¥29.50,¥186.00,2019-02-01
人性的弱点（薛之谦推荐，畅销100万册）【果麦经典】,天津人民出版社,¥9.90,¥32.00,2014-09-01
小王子（袁泉、王一博推荐，畅销350万册，1069181条当当读者五星,天津人民出版社,¥14.80,¥39.80,2018-06-03
这就是二十四节气（中国二十四节气彩绘版，文津图书奖获奖绘本，,海豚出版社,¥10.99,¥100.00,2015-09-01
房思琪的初恋乐园,北京联合出版有限公司,¥125.00,¥45.00,2018-02-01
朝花夕拾 七年级上 人教版名著阅读课程化丛书 教育部统编教材推荐,人民教育出版社,¥17.10,¥22.80,2017-06-01
胡萝卜的种子,北京联合出版有限公司,¥14.90,¥29.80,2018-09-01
墨菲定律,古吴轩出版社,¥13.80,¥32.80,2017-08-01
落叶跳舞（2018版 秋季主题阅读首选）,２１世纪出版社,¥7.99,¥34.80,2007-10-23
假如给我三天光明（中小学语文新课标必读名著 ）420000多名读者热,商务印书馆,¥22.70,¥14.80,2012-07-01
罗尔德·达尔作品典藏（彩图拼音版）—了不起的狐狸爸爸,明天出版社,¥12.60,¥28.00,2018-09-01
长安十二时辰（上下册）,湖南文艺出版社,¥14.00,¥79.60,2016-11-21
云边有个小卖部,湖南文艺出版社,¥39.80,¥42.00,2018-07-01
时代广场的蟋蟀 麦克米伦世纪大奖小说典藏本,二十一世纪出版社,¥24.00,¥20.00,2017-10-01
鬼谷子—中华经典藏书（平装）,吉林美术出版社,¥28.90,¥35.00,2015-03-01
不吼不叫：如何平静地让孩子与父母合作,上海社会科学院出版社,¥9.99,¥32.80,2016-03-01
樊登推荐 你就是孩子最好的玩具,南方出版社,¥10.00,¥29.80,2016-06-01
艾青诗选（“教育部统编《语文》推荐阅读丛书”）,人民文学出版社,¥7.00,¥26.00,2018-04-01
上下五千年（最新版）,少年儿童出版社,¥16.80,¥88.00,2011-07-01
一只想飞的猫 二年级上册 曹文轩 陈先云 主编 统编语文教科书必读,人民教育出版社,¥16.40,¥16.00,2018-08-01
半小时漫画唐诗（漫画科普开创者二混子新作！全网粉丝700万！熟读,江苏凤凰文艺出版社,¥14.90,¥49.90,2019-05-08
乌合之众 : 大众心理研究,民主与建设出版社,¥22.50,¥26.00,2018-04-06
赴宴者（严歌苓透视当代社会、惊艳欧美文坛的重量级小说！）,四川文艺出版社,¥44.00,¥45.00,2019-05-28
东野圭吾：解忧杂货店（胡歌、王俊凯、刘昊然倾情推荐，东野圭吾,南海出版公司,¥21.45,¥39.50,2014-05-01
论语译注（简体字本） 修订新版,中华书局,¥13.60,¥26.00,2017-08-01
罗生门（芥川龙之介小说集）《人间失格》作者太宰治是芥川的头号,时代文艺出版社,¥13.90,¥31.00,2017-12-01
数学原来可以这样学（畅销日本300万册，小学生家长必备。让孩子爱,湖南人民出版社,¥1.99,¥32.80,2014-06-01
养育女孩,中信出版社,¥27.90,¥32.00,2014-04-01
万历十五年 一本好书 腾讯视频栏目推荐,生活.读书.新知三联书店,¥15.80,¥26.00,2006-06-01
谈判：如何在博弈中获得更多(第四版)Everything is Negotiable,民主与建设出版社,¥14.40,¥45.00,2018-04-06
月亮和六便士（全新导读无删节详注版！ 半年创当当110000名读者五,时代文艺出版社,¥15.60,¥27.00,2017-09-01
小鲤鱼跳龙门 二年级上册 曹文轩 陈先云 主编 统编语文教科书必读,人民教育出版社,¥6.99,¥16.00,2018-08-01
月亮的味道（精装）,二十一世纪出版社,¥22.00,¥35.00,2017-10-01
皮囊（350万册纪念版。直面人生的终极问题，刻在骨头里的故事，容,天津人民出版社,¥12.99,¥49.80,2019-05-01
孤独的小螃蟹 二年级上册 曹文轩 陈先云 主编 统编语文教科书必读,人民教育出版社,¥10.20,¥16.00,2018-08-01
苏东坡传（林语堂精装2018版）（1-9年级必读书单）,湖南文艺出版社,¥2.99,¥52.00,2018-01-01
小狗的小房子 二年级上册 曹文轩 陈先云 主编 统编语文教科书必读,人民教育出版社,¥13.60,¥16.00,2018-08-01
猎人笔记（“教育部统编《语文》推荐阅读丛书”）,人民文学出版社,¥17.50,¥29.00,2018-04-01
地图 人文版（升级版）手绘世界地图 儿童百科绘本,贵州人民出版社,¥24.90,¥168.00,2018-11-01
西游记（上下册）七年级上 人教版名著阅读课程化丛书 教育部统编,人民教育出版社,¥13.60,¥65.80,2017-07-01
“歪脑袋”木头桩 二年级上册 曹文轩 陈先云 主编 统编语文教科书,人民教育出版社,¥35.80,¥16.00,2018-08-01
是谁嗯嗯在我的头上,河北教育出版社,¥8.99,¥35.80,2007-04-01
昆虫记 八年级上 人教版名著阅读课程化丛书 教育部统编教材推荐必,人民教育出版社,¥13.60,¥34.80,2017-08-01
东野圭吾：恶意（2016版，东野圭吾四大杰作之一）,南海出版公司,¥26.80,¥39.50,2016-11-01
乡土中国（精装）2019年语文新课标课外必读图书！畅销十年！费孝,人民出版社,¥84.00,¥21.00,2015-05-01
生活需要仪式感 （把温暖和感动带给你在乎的人）,山东文艺出版社,¥18.00,¥36.00,2017-12-20
三体：全三册 刘慈欣代表作，亚洲首部“雨果奖”获奖作品！,重庆出版社,¥12.99,¥93.00,2010-11-01
写给儿童的中国地理（全14册）,新世界出版社,¥46.50,¥392.00,2016-09-01
中华上下五千年（中小学新课标必读名著 ）170000多名读者热评！,人民邮电出版社,¥29.99,¥15.80,2014-01-17
亲密关系：通往灵魂的桥梁（新版）,湖南文艺出版社,¥196.00,¥45.00,2019-04-01
不老泉文库 3 时代广场的蟋蟀,二十一世纪出版社,¥13.40,¥18.00,2017-09-01
舒克贝塔传（全10册）,浙江少年儿童出版社,¥22.50,¥200.00,2017-08-01
数学帮帮忙（全25册+导读手册）多功能数学绘本,新蕾出版社,¥9.00,¥225.00,2013-04-01
霍乱时期的爱情（2015版）  一本好书 腾讯视频栏目推荐,南海出版公司,¥7.00,¥49.50,2015-06-01
把坏脾气收起来,北京科学技术出版社,¥103.40,¥36.00,2017-08-01
自控力（畅销300万册纪念版！斯坦福大学广受欢迎的心理学课程！从,文化发展出版社,¥99.90,¥45.00,2017-10-31
银火箭少年科幻系列 （8册。亚洲首位“雨果奖”得主刘慈欣主编，,浙江教育出版社,¥112.50,¥256.00,2018-04-02
老鼠娶新娘（2018版）,２１世纪出版社,¥34.20,¥38.00,2008-01-01
和大人一起读（一至四册） 一年级上册 曹文轩 陈先云 主编 统编语,人民教育出版社,¥18.00,¥39.80,2018-08-01
许三观卖血记（新版）,作家出版社,¥31.00,¥32.00,2017-09-12
你的善良必须有点锋芒,古吴轩出版社,¥13.99,¥32.80,2016-09-01
绿山墙的安妮（中小学新课标必读名著） 160000多名读者热评！,人民邮电出版社,¥115.20,¥15.80,2013-01-01
童年 统编语文教材快乐读书吧（六年级上）指定阅读 （中小学新课,商务印书馆,¥20.90,¥14.80,2012-07-01
神奇的逻辑思维游戏书,北京日报出版社（原同心出版社）,¥29.85,¥45.00,2018-10-01
三毛全集02：撒哈拉的故事（1-9年级必读书单）,北京十月文艺出版社,¥16.00,¥35.00,2017-04-01
白洋淀纪事 全本无删减 部编教材七年级上指定阅读（中小学新课标,南方出版社,¥26.82,¥29.80,2018-01-01
墨菲定律,中国商业出版社,¥21.60,¥48.00,2018-02-02
夏洛书屋经典版·总有一天会长大,上海译文出版社,¥4.99,¥19.00,2018-01-01
不一样的卡梅拉手绘本（1-12册）,２１世纪出版社,¥9.50,¥120.00,2013-06-01
小学生必背文言文 学生版 教育部（语文课程标准）指定篇目,中国少年儿童出版社,¥60.00,¥19.80,2017-02-01
统编版快乐读书吧（六年级上）指定阅读 小英雄雨来 曹文轩推荐儿,北京教育出版社,¥19.30,¥18.80,2015-04-01
摆渡人（系列畅销千万册。如果命运是一条孤独的河流，谁会是你灵,百花洲文艺出版社,¥14.90,¥36.00,2015-06-01
三体（刘慈欣代表作，亚洲首部雨果奖获奖作品！）,重庆出版社,¥18.00,¥23.00,2008-01-01
猎人笔记 统编语文教科书七年级（上）指定阅读（中小学新课标必读,南方出版社,¥4.99,¥22.80,2017-12-01
小威向前冲,贵州人民出版社,¥15.20,¥36.00,2018-04-23
米小圈脑筋急转弯（套装共4册）,四川少儿出版社,¥12.99,¥64.00,2016-01-01
漫长的告别（怪不得村上春树读了12遍！每每陷入困境，村上春树便,海南出版社,¥19.40,¥69.00,2018-08-23
魔法拼音国（套装 共7册）,浙江少年儿童出版社,¥18.00,¥98.00,2017-05-01
论语别裁（独家授权简体版套装两册）,东方出版社,¥32.00,¥98.00,2018-05-01
边城 湘行散记 （“教育部统编《语文》推荐阅读丛书”）,人民文学出版社,¥34.50,¥28.00,2018-04-01
镜花缘（“教育部统编《语文》推荐阅读丛书”）,人民文学出版社,¥6.99,¥48.00,2018-04-01
幽微的人性,北京联合出版有限公司,¥49.00,¥39.80,2019-04-01
学会爱自己（全14册安全意识、行为习惯培养绘本）（必备安全教育,青岛出版社,¥49.00,¥192.00,2016-02-01
稻草人 统编语文教科书三年级（上）指定阅读 快乐读书吧丛书  21,商务印书馆,¥25.90,¥15.80,2012-08-01
自在独行 贾平凹的独行世界（畅销300万册的国民精神读本，中国作,长江文艺出版社,¥44.40,¥39.00,2016-05-01
镜花缘 统编语文教科书七年级（上）推荐阅读（中小学新课标必读名,南方出版社,¥24.50,¥28.80,2017-12-01
统编版快乐读书吧（六年级上）指定阅读 爱的教育（新课标，夏丏尊,安徽教育出版社,¥17.00,¥20.00,2015-01-01
大卫不可以+大卫上学去+大卫惹麻烦（大卫系列全3册）,河北教育出版社,¥0.00,¥101.40,2014-05-01
快乐读书吧 小鲤鱼跳龙门 一只想飞的猫 孤独的小螃蟹 小狗的小房,商务印书馆,¥68.90,¥109.00,2019-06-01
鸭子骑车记,新星出版社,¥81.80,¥39.80,2017-04-01
断舍离（2019新版，全新修订50%以上内容）宫崎骏、张德芬、李冰冰,湖南文艺出版社,¥27.50,¥45.00,2019-01-11
神奇校车·动画版（全10册）,贵州人民出版社,¥22.50,¥118.00,2011-04-05
笠翁对韵 中华经典儿童启蒙  注音+注释+典故 每日诵读十分钟 打好,中国文史出版社,¥9.99,¥18.00,2015-01-01
红鞋子童话拼音版,天天出版社有限责任公司,¥59.00,¥18.00,2015-09-01
新华成语词典 第2版,商务印书馆,¥18.00,¥79.90,2015-05-01
德国精选科学图画书 （肚子里有个火车站+牙齿大街的新鲜事，套装,北京科学技术出版社,¥9.00,¥70.00,2017-06-01
好妈妈胜过好老师（700万册纪念版）,作家出版社,¥79.90,¥49.00,2017-08-08
中国民间故事 教育部统编小学语文教材（五年级上）“快乐读书吧”,团结出版社,¥35.00,¥20.00,2019-02-01
北上（第十届茅盾文学奖获奖作品，2018年度中国好书作品）,北京十月文艺出版社,¥24.50,¥59.80,2018-12-01
《幼儿学古诗（全2册）》,教育科学出版社有限公司,¥19.99,¥80.00,2018-05-01
夏洛的网（精装版）,上海译文出版社,¥17.00,¥36.00,2016-01-01
犟龟,二十一世纪出版社,¥29.60,¥36.00,2017-10-01
乡土中国（精装修订版）,北京大学出版社,¥40.00,¥26.00,2016-07-15
长征  修订版（全2册） 入选部编八年级上册语文阅读指定书目,人民文学出版社,¥18.00,¥72.00,2017-11-01
湘行散记 全本无删减 统编语文教科书七年级（上）指定阅读（中小,南方出版社,¥18.00,¥22.80,2018-03-01
中国传统节日故事 小学语文课外读物 （收录专家解读节日和习俗，,团结出版社,¥18.70,¥22.00,2018-10-01
飞花令里读诗词 第一辑 春夏秋冬 套装共4册,时代文艺出版社,¥7.70,¥99.00,2017-10-01
细菌世界历险记（中小学语文新课标必读名著 ）菌儿自传 高士其科,人民邮电出版社,¥70.80,¥22.80,2016-09-01
皮特猫·3~6岁好性格养成书：共四辑（套装1~4辑）（乐观、自信、,文汇出版社,¥29.99,¥559.60,2018-08-17
法布尔昆虫记（全10册）（儿童彩图版）,北京科学技术出版社,¥19.40,¥198.00,2014-07-01
儒林外史(56回全本，内容考证、文字句读全新修订版。),花山文艺出版社,¥279.80,¥25.00,2015-07-01
海底两万里（新课标·部编本教材推荐阅读  七年级下）,浙江工商大学出版社,¥99.00,¥25.00,2017-09-01
后来时间都与你有关（肖战李现同款书，韩寒 何炅 谢娜 吴昕 戚薇,天津人民出版社,¥11.20,¥39.80,2017-07-01
朝花夕拾 新版 部编教材七年级（上）推荐必读篇目（精装典藏版 新,商务印书馆,¥0.00,¥29.80,2017-05-01
人教版快乐读书吧指定阅读 二年级（全5册）小狗的小房子 孤独的小,北京教育出版社,¥21.30,¥69.00,2018-07-01
一年级的小豌豆+一年级的小蜜瓜（全彩注音版套装共2册）,青岛出版社,¥19.90,¥76.00,2019-01-01
曹文轩文集典藏版（全7册）,天天出版社有限责任公司,¥14.99,¥168.00,2013-09-01
诺奖少年版（全30册） 33万五星好评，日销ZUI高达50000册，系列销,辽宁少年儿童出版社,¥25.33,¥528.00,2017-04-01
朝花夕拾 统编语文教科书七年级（上）指定阅读  中小学新课标必读,商务印书馆,¥51.80,¥15.80,2012-08-01
现当代长篇小说经典系列：边城,长江文艺出版社,¥38.00,¥19.00,2014-07-01
所谓情商高，就是会说话,北京联合出版公司,¥84.00,¥32.00,2016-09-01
我的妈妈是精灵(百万纪念版，全新修订，入选小学生基础阅读书目）,福建少年儿童出版社,¥205.90,¥25.00,2018-01-29
世说新语（修订版） 无障碍阅读 学生版,北京教育出版社,¥13.40,¥26.80,2013-01-01
海豚绘本花园：小魔怪要上学（平）,上海文化出版社,¥10.50,¥22.00,2018-01-01
小熊宝宝绘本（2018版全15册）蒲蒲兰经典畅销绘本！新手妈妈的育,连环画出版社,¥16.00,¥96.00,2007-05-16
四五快读 全彩图升级版——幼儿快速识字阅读法（全8册）(让孩子爱,湖南科技出版社,¥143.80,¥211.40,2012-02-01
DK幼儿百科全书——那些重要的事,中国大百科全书出版社,¥54.99,¥138.00,2017-07-01
穿靴子的猫,二十一世纪出版社,¥69.00,¥35.00,2015-01-01
第七天（2018版）,新星出版社,¥17.50,¥39.50,2018-08-01
唐诗三百首 小学生 成长必读 绘本 注音版,北方妇女儿童出版社,¥26.30,¥40.00,2016-08-01
动物小说大王沈石溪·品藏书系：狼王梦（升级版）,浙江少年儿童出版社,¥23.70,¥26.00,2018-07-01
曹文轩纯美小说：青铜葵花,江苏少年儿童出版社,¥32.00,¥22.00,2016-04-01
董卿：做一个有才情的女子,百花洲文艺出版社,¥13.00,¥39.80,2018-02-01
草原上的小木屋 曹文轩推荐儿童文学经典书系 5万多名读者热评！,北京教育出版社,¥11.00,¥22.80,2015-04-01
罗尔德·达尔作品典藏 查理和巧克力工厂,明天出版社,¥17.20,¥22.00,2017-05-23
干法（团购，请致电400-106-6666转6）,机械工业出版社,¥6.99,¥39.00,2015-05-01
“统编版 快乐读书吧 三年级（上）安徒生童话 指定阅读 （新课标,安徽教育出版社,¥17.10,¥20.00,2015-05-01
彩虹色的花,二十一世纪出版社,¥11.00,¥46.00,2018-07-01
汪曾祺散文精选集：万事有心，人间有味（麦家、冯唐、贾平凹等极,中国友谊出版公司,¥9.59,¥42.00,2019-04-01
我讨厌妈妈,新星出版社,¥23.40,¥35.00,2015-10-01
狼图腾(修订版)（一部描绘、研究蒙古草原狼的“旷世奇书”）（1-,长江文艺出版社,¥7.99,¥39.80,2014-11-01
一口袋的吻,贵州人民出版社,¥17.00,¥36.00,2018-05-01
湘行散记：沈从文散文精粹（湘西世界唯美动人的风情画）,中国友谊出版公司,¥1.99,¥32.00,2019-04-01
傅雷家书（部编本语文教材八年级下册推荐阅读）,北岳文艺出版社,¥23.00,¥35.00,2017-09-01
8册百篇张秋生小巴掌童话注音版一二年级课外书必读三年级课外阅读,山东科学技术出版社,¥21.00,¥110.40,2018-04-18
全球通史:从史前史到21世纪（第7版修订版上下册，当当独家赠送全,北京大学出版社,¥59.60,¥96.00,2006-10-01
狼王梦全本(沈石溪激情动物小说),少年儿童出版社,¥9.00,¥18.00,2017-05-01
昆虫记 统编语文教科书八年级（上）指定阅读（中小学新课标必读名,商务印书馆,¥12.60,¥14.80,2012-07-01
米小圈上学记二年级（套装共4册）,四川少儿出版社,¥50.00,¥100.00,2018-04-01
新版林格伦作品选集·美绘版 长袜子皮皮,中国少年儿童出版社,¥11.50,¥23.00,2018-03-01
克里克塔（2018版 国际安徒生奖得主汤米·温格尔半世纪经典佳作）,２１世纪出版社,¥20.90,¥38.00,2006-11-09
城南旧事（新课标，“华语文坛祖母”林海音怀念童年的自传体短篇,安徽教育出版社,¥17.00,¥20.00,2015-06-01
真正厉害的人，都能掌控自己的情绪,中国致公出版社,¥1.99,¥42.00,2019-01-01
主角（第十届茅盾文学奖获奖作品，2018年度中国好书）,作家出版社,¥28.90,¥85.00,2018-01-24
小王子（此版本销量靠前！8万+读者五星热议！舒朗大开本，新课标,辽宁少年儿童出版社,¥18.90,¥22.80,2017-04-01
掌控习惯（樊登读书创始人樊登博士倾力推荐）,北京联合出版有限公司,¥42.50,¥56.00,2019-07-01
动物小说大王沈石溪·品藏书系：斑羚飞渡（升级版）,浙江少年儿童出版社,¥14.99,¥24.00,2018-07-01
青铜葵花（当当网定制版）,天天出版社有限责任公司,¥8.80,¥25.00,2015-03-01
失落的一角（2018版）,北京联合出版有限公司,¥28.00,¥38.00,2018-01-01
一只特立独行的猪,北京十月文艺出版社,¥16.80,¥35.00,2017-04-01
米小圈漫画成语（套装共4册）,四川少儿出版社,¥12.00,¥74.00,2016-05-01
草房子（当当网定制版）,天天出版社有限责任公司,¥12.50,¥25.00,2015-03-01
文化苦旅 新版,长江文艺出版社,¥26.20,¥39.80,2014-04-01
不可思议的旅程（凯迪克大奖绘本三部曲）,新星出版社,¥22.80,¥118.80,2016-09-01
骆驼祥子（“教育部统编《语文》推荐阅读丛书”）部编教材七年级,人民文学出版社,¥9.99,¥26.00,2018-04-01
白岩松：白说,长江文艺出版社,¥29.80,¥39.80,2015-09-01
统编版快乐读书吧（六年级上）指定阅读 童年（新课标俄中直译全译,浙江工商大学出版社,¥21.30,¥25.00,2017-08-01
PET  P.E.T.父母效能训练:让亲子沟通如此高效而简单,中国发展出版社,¥1.99,¥35.00,2015-09-01
读懂孩子的心：樊登2019年新书.,中国友谊出版公司,¥17.50,¥56.00,2019-03-01
白洋淀纪事 部编教材七年级（上）推荐阅读篇目（精装典藏版 新课,商务印书馆,¥9.99,¥32.80,2017-09-01
八十天环游地球（中小学新课标必读名著）100000多名读者热评！,人民邮电出版社,¥30.80,¥15.80,2013-02-01
可爱的身体 （全8册）,南海出版公司,¥12.99,¥118.00,2010-01-01
我与地坛（纪念版）（1-9年级必读书单）,人民文学出版社,¥27.88,¥29.00,2011-06-01
实用程序育儿法(新版),北京联合出版公司,¥13.40,¥42.00,2016-01-01
西游记 (新课标 青少版),浙江教育出版社,¥70.80,¥26.00,2016-01-01
宫西达也恐龙套装（你看起来好像很好吃+我是霸王龙等全7册）,２１世纪出版社,¥16.00,¥126.00,2016-11-01
三体2：黑暗森林（刘慈欣代表作，亚洲首部雨果奖获奖作品！）,重庆出版社,¥11.99,¥32.00,2008-05-01
汤姆·索亚历险记（新课标全译本，万条读者五星好评，北大著名翻,浙江工商大学出版社,¥23.30,¥24.00,2017-04-01
爱打嗝的斑马（精装）,北京联合出版公司,¥22.10,¥31.80,2013-04-01
小黑鱼,南海出版公司,¥81.90,¥39.80,2010-01-01
我们的身体,未来出版社,¥18.80,¥155.00,2012-06-01
全球最美的100个地方 图说天下 国家地理,北京联合出版公司,¥21.84,¥19.90,2012-06-01
居里夫人传（初中语文课外阅读经典读本 教育部推荐中小学生新课标,团结出版社,¥20.40,¥24.00,2018-01-01
终身成长：重新定义成功的思维模式,江西人民出版社,¥1.99,¥49.80,2017-11-01
贾里贾梅大系  男生贾里全传,少年儿童出版社,¥15.90,¥24.00,2014-05-01
傲慢与偏见 世界名著典藏,中央编译出版社,¥10.00,¥20.00,2015-04-01
西藏生死书（布面精装版）,浙江大学出版社,¥29.00,¥58.00,2018-06-01
社会心理学（第11版）,人民邮电出版社,¥82.00,¥128.00,2016-01-01
岛上书店（李现推荐，每个人的生命中，都有无比艰难的那一年，将,江苏文艺出版社,¥17.50,¥35.00,2015-05-08
斯凯瑞金色童书·第一辑（全4册）,贵州人民出版社,¥9.99,¥83.20,2007-05-01
可爱的鼠小弟（1-22）,南海出版公司,¥41.60,¥386.00,2013-08-01
林格伦儿童文学作品集·典藏版——长袜子皮皮,中国少年儿童出版社,¥231.60,¥28.00,2013-01-01
绘本花园：会飞的挖土机（平）,长江少年儿童出版社,¥14.00,¥22.00,2016-12-01
安徒生童话 三年级上册 曹文轩 陈先云 主编 统编语文教科书必读书,人民教育出版社,¥11.00,¥25.00,2018-08-01
西游记 四大名著 部编教材七年级（上）推荐必读篇目（足本典藏精,商务印书馆,¥17.20,¥40.00,2016-04-01
局外人（如果你在人群中感到格格不入，一定要读《局外人》 ！全新,江苏凤凰文艺出版社,¥34.00,¥45.00,2019-03-01
三体3：死神永生（刘慈欣代表作，亚洲首部“雨果奖”获奖作品！）,重庆出版社,¥22.50,¥38.00,2010-11-01
泰戈尔诗集：新月集·飞鸟集（新课标·部编本教材推荐阅读  九年,浙江工商大学出版社,¥5.99,¥21.00,2018-04-09
小房子,南海出版公司,¥22.40,¥36.00,2013-07-01
稻草人 三年级上册 曹文轩 陈先云 主编 统编语文教科书必读书目 ,人民教育出版社,¥17.17,¥25.00,2018-08-01
星星离我们有多远（卞毓麟 教育部新编初中语文教材指定阅读图书）,长江文艺出版社,¥17.90,¥26.00,2017-07-01
我的神奇马桶（奇思妙趣三部曲）（全3册）,贵州人民出版社,¥1.99,¥89.40,2019-04-01
格林童话 三年级上册 曹文轩 陈先云 主编 统编语文教科书必读书目,人民教育出版社,¥18.00,¥25.00,2018-08-01
你好！数学套装珍藏版（套装30本）,湖北少儿出版社,¥17.20,¥240.00,2012-04-01
海底两万里 统编语文教科书七年级（下）指定阅读篇目：海底两万里,商务印书馆,¥22.10,¥14.80,2012-08-01
林汉达中国历史故事集（珍藏版）,中国少年儿童出版社,¥29.50,¥59.00,2017-10-01
明朝那些事儿全集 增补版（新版全套9册）,北京联合出版有限公司,¥178.20,¥297.00,2017-05-01
山海经（白话全译彩图版珍藏版）,现代出版社,¥39.99,¥68.00,2012-03-01
大脚丫跳芭蕾,河北教育出版社,¥34.00,¥29.80,2007-04-01
我妈妈,河北教育出版社,¥3.99,¥35.80,2007-04-01
昆虫记（文前33张共8页高清彩色照片图+系统分类目录+昆虫谱系表+,时代文艺出版社,¥23.10,¥42.00,2017-09-01
0-4岁幼儿认知小百科（全3册),长江少年儿童出版社,¥24.70,¥119.40,2014-02-01
希利尔讲世界史、世界地理、艺术史 套装,贵州教育出版社,¥18.90,¥136.40,2010-04-01
秘密花园(新课标，翻译文化终身成就奖获得者李文俊倾情翻译),北京联合出版公司,¥2.99,¥23.00,2016-11-01
统编版快乐读书吧（六年级上）指定阅读 童年（教育部统编《语文》,人民文学出版社,¥59.70,¥30.00,2018-07-01
神奇校车·手工益智版（全8册）,贵州人民出版社,¥68.20,¥120.00,2016-07-13
毛毛(米切尔·恩德作品典藏),２１世纪出版社,¥19.60,¥30.00,2013-06-01
繁星·春水（新课标 徐志摩赞其诗“深得泰戈尔思想和艺术精髓”）,浙江工商大学出版社,¥1.99,¥20.00,2017-03-01
枪炮、病菌与钢铁——人类社会的命运(修订版）,上海译文出版社,¥30.00,¥55.00,2016-07-01
绿山墙的安妮（新课标，哈利·波特系列译者马爱农译）,浙江工商大学出版社,¥60.00,¥28.00,2017-04-01
曹文轩文集-草房子,天天出版社有限责任公司,¥14.90,¥22.00,2011-10-01
希腊神话故事（新课标，奥林匹斯诸神与英雄们的神话传奇，了解西,浙江工商大学出版社,¥17.00,¥24.00,2017-03-01
我的专注力训练游戏（全3册）,化学工业出版社,¥1.99,¥59.40,2016-07-01
乡土中国(著名社会学家费孝通传世经典，研究中国乡土社会，传统文,华东师范大学出版社,¥37.90,¥20.00,2018-06-01
外婆的道歉信（马思纯领读书目，人民日报、央视推荐。年度口碑爆,天津人民出版社,¥14.99,¥42.00,2017-05-01
安徒生童话（注音版）——世界儿童共享的经典丛书（新版）,上海文化出版社,¥17.30,¥35.00,2017-12-01
钝感力（渡边淳一经典：具备不为小事动摇的钝感力，才能成为真正,青岛出版社,¥16.00,¥32.00,2018-01-01
爱的教育 统编语文教材快乐读书吧（六年级上）指定阅读 （中小学,商务印书馆,¥12.60,¥14.80,2012-07-01
生气的亚瑟,河北教育出版社,¥20.80,¥26.80,2009-06-01
共情的力量：情商高的人，如何抚慰受伤的灵魂,中国致公出版社,¥24.90,¥49.80,2019-01-01
放学后（东野圭吾成名作）,南海出版公司,¥18.99,¥45.00,2017-09-01
荷花镇的早市（2018版 丰子恺儿童图画书奖“优秀儿童图画书奖”）,２１世纪出版社,¥33.70,¥42.80,2018-06-13
从小爱科学·有趣的物理（全16册）,湖南少年儿童出版社,¥19.99,¥128.00,2015-12-01
朗读者（青少版） 人民文学出版社,人民文学出版社,¥23.60,¥39.00,2017-07-01
阿米巴经营——畅销十周年纪念版，当当全国独家（团购，请致电40,中国大百科全书出版社,¥64.00,¥35.00,2016-03-01
去旅行系列（全3册）法国教育部力荐！新增中国版，深度知识体系的,广西科学技术出版社,¥36.10,¥324.00,2019-06-01
一粒种子的旅行,南海出版公司,¥17.50,¥35.00,2017-06-01
孩子看的编程启蒙书（全4册）,青岛出版社,¥162.00,¥98.00,2018-09-01
蓝鲸的眼睛 曹文轩推荐儿童文学经典书系 7万多名读者热评！,北京教育出版社,¥24.20,¥22.80,2015-04-01
全球儿童文学典藏书系（注音版）：豆蔻镇的居民和强盗,湖南少年儿童出版社,¥49.00,¥25.00,2017-09-01
0-3岁亲子游戏纸板书（全5册）,长江少年儿童出版社,¥17.10,¥199.00,2018-09-01
资治通鉴少年简读版(套装全4册） 四册盒装，精华简读；史家打造，,青岛出版社,¥12.50,¥156.00,2019-05-01
蝴蝶·豌豆花（平装）,河北教育出版社,¥99.50,¥19.80,2011-07-01
游戏中的科学（2017年修订版）,山西人民出版社发行部,¥78.00,¥38.00,2017-11-01
杜甫传：所有流浪，都是归程,江苏凤凰文艺出版社,¥14.50,¥42.00,2019-05-01
神奇校车·阅读版（全16册）,贵州人民出版社,¥64.00,¥128.00,2011-06-01
人间词话（近代极富盛名的词话著作，集编、校、释、评于一体，赏,北京联合出版公司,¥13.40,¥29.80,2015-06-01
沉默的大多数（手稿珍藏版）,北京十月文艺出版社,¥0.00,¥35.00,2017-04-01
中国民间故事+非洲民间故事+一千零一夜+列那狐的故事：统编小学语,团结出版社,¥18.60,¥95.00,2019-02-01
中国神话故事（注音美绘本）全国著名语文特级教师 窦桂梅推荐 小,北京教育出版社,¥6.99,¥25.80,2016-05-01
骆驼祥子（新课标·部编本教材推荐阅读  七年级下）,浙江工商大学出版社,¥80.80,¥22.00,2017-08-01
应物兄（第十届茅盾文学奖获奖作品）,人民文学出版社,¥21.90,¥79.00,2018-12-01
古文观止（上下）,浙江教育出版社,¥18.70,¥52.00,2016-09-01
窗（每一扇窗都会给你传达不一样的信息，有的窗与窗之间说说小秘,二十一世纪出版社,¥1.99,¥39.80,2019-01-01
妈妈的红沙发——（启发童书馆出品）,河北教育出版社,¥39.50,¥34.80,2017-09-01
斯凯瑞金色童书（百年诞辰纪念版，全19册）,贵州人民出版社,¥20.00,¥569.00,2019-05-01
在教室说错了没关系,青岛出版社,¥3.99,¥36.00,2017-02-01
挪威的森林（2018年新版，村上春树的残酷青春物语，现象级的超级,上海译文出版社,¥29.10,¥38.00,2018-03-01
洋葱头历险记(注音彩绘版),中国少年儿童出版社,¥20.20,¥25.00,2018-08-01
DK幼儿百科全书系列套装（全2册）那些重要的事+那些重要的动物,中国大百科全书出版社,¥284.50,¥276.00,2018-08-01
大卫，不可以,河北教育出版社,¥18.00,¥33.80,2014-08-01
我是猫（陈乔恩、梁文道推荐！百万畅销译本。日本“国民大师”夏,浙江文艺出版社,¥30.00,¥39.80,2015-06-01
奇妙的数王国——中国科普名家名作·数学故事专辑(典藏版）,中国少年儿童出版社,¥16.99,¥19.80,2011-06-01
鲁滨孙漂流记(新课标，鲁滨逊漂流记，据英文原版全译本),浙江工商大学出版社,¥12.50,¥28.00,2017-03-01
巴黎圣母院（北大西语系翻译家李玉民全译本，“世界十大名著”“,西安交通大学出版社,¥138.00,¥42.00,2017-01-01
埃及四千年（破解四千年王朝兴衰秘密的里程碑式巨作）,浙江文艺出版社,¥45.00,¥118.00,2019-03-01
林海雪原（教育部统编《语文》推荐阅读丛书）,人民文学出版社,¥29.98,¥52.00,2018-05-01
河边的错误 （《活着》余华畅销30年ZUI佳中篇小说集）,时代文艺出版社,¥48.00,¥42.00,2018-01-01
多莱尔的希腊神话书（畅销千万册，纽约公共图书馆“百年百佳书”,江苏教育出版社,¥28.90,¥88.00,2016-06-01
阿文的小毯子,河北教育出版社,¥36.90,¥29.80,2007-04-01
假如给我三天光明（新课标，名家翻译，非改写&非编译本，海伦·凯,安徽教育出版社,¥29.99,¥18.00,2015-01-01
老人与海（新版！未删节插图珍藏版，《暗算》作者、茅奖得主麦家,浙江文艺出版社,¥17.30,¥39.80,2017-02-20
0～3岁孩子的正面管教,北京联合出版公司,¥15.30,¥42.00,2015-08-01
朝花夕拾（七年级上册必读，语文新课标必读丛书，央视朗读者节目,天津人民出版社,¥1.99,¥25.00,2015-01-01
如何培养孩子的社会能力,北京联合出版有限公司,¥19.90,¥30.00,2018-02-01
培生幼儿英语：预备级（升级版）,湖北少儿出版社,¥2.99,¥118.00,2017-11-01
3～6岁孩子的正面管教,北京联合出版公司,¥23.30,¥42.00,2015-02-01
当你又忙又美，何惧患得患失（不纠结，不依附；按章服用，你将减,天地出版社,¥12.50,¥42.00,2019-06-01
情商：一本给孩子的人生格局书,青岛出版社,¥0.99,¥38.00,2019-03-01
佐贺的超级阿嬷,南海出版公司,¥20.70,¥29.80,2013-11-01
列那狐的故事 快乐读书吧 统编语文教科书五年级（上）指定阅读 5,人民邮电出版社,¥18.00,¥15.80,2013-08-01
"醒来觉得甚是爱你：朱生豪情书集（精装版,李现推荐,抖音百万点赞",北京日报出版社（原同心出版社）,¥59.00,¥49.80,2017-06-01
被讨厌的勇气：“自我启发之父”阿德勒的哲学课(两种版本随机发放,机械工业出版社,¥28.90,¥45.00,2017-05-24
东野圭吾：嫌疑人X的献身（王凯、张鲁一推荐，至为纯粹的爱情，绝,南海出版公司,¥21.00,¥35.00,2014-06-01
勇气 绘本,北京联合出版有限公司,¥26.20,¥35.00,2018-01-01
浮生六记（详细注解+准确优美直译，你一定能读懂原文，李现推荐）,时代文艺出版社,¥13.50,¥35.00,2019-02-01
乌鸦面包店（全5册）,新星出版社,¥50.80,¥79.50,2015-01-01
骆驼祥子 统编语文教科书七年级（下）指定阅读篇目：海底两万里 ,商务印书馆,¥13.40,¥15.80,2012-08-01
简爱（浙大翻译家宋兆霖翻译，未删减全本。）九年级下册必读书目,作家出版社,¥14.30,¥29.80,2015-08-01
中国国家博物馆儿童历史百科绘本（5册）,人民邮电出版社,¥1.99,¥240.00,2018-06-01
郑渊洁四大名传（全4册）,浙江少年儿童出版社,¥120.00,¥100.00,2015-12-01
事实（比尔·盖茨送给全美大学生的毕业礼物！比尔·盖茨逢人就推,文汇出版社,¥59.00,¥99.00,2019-05-07
可爱的鼠小弟（1-12）,南海出版公司,¥38.58,¥198.00,2013-10-01
史记（精装新版，全三册）,岳麓书社,¥49.50,¥128.00,2012-10-01
绿山墙的安妮(教育部统编《语文》推荐阅读丛书),人民文学出版社,¥49.50,¥28.00,2018-06-01
孙子兵法·三十六计（新课标，完整原文+详细注释+准确翻译+历史故,浙江工商大学出版社,¥118.80,¥25.00,2017-08-01
让路给小鸭子——（启发童书馆出品）,河北教育出版社,¥64.00,¥42.80,2017-09-01
德鲁克 卓有成效的管理者（2019年新版）,机械工业出版社,¥25.90,¥69.00,2019-04-20
怪老头儿 曹文轩推荐儿童文学经典书系 4万多名读者热评！,北京教育出版社,¥21.30,¥22.80,2015-04-01
三毛流浪记全集（彩图注释版）,少年儿童出版社,¥24.90,¥150.00,2013-06-01
昆虫记（教育部统编《语文》推荐阅读丛书）部编教材八年级上册推,人民文学出版社,¥41.40,¥26.00,2018-05-01
人生（影响千万青年的励志名篇-- 马云、贾樟柯倾情推荐！）,北京十月文艺出版社,¥44.85,¥25.00,2012-03-01
瓦尔登湖(珍藏本) 朗读者朗读书目,中国三峡出版社,¥17.10,¥28.00,2010-12-01
水浒传（上下）(教育部统编《语文》推荐阅读丛书),人民文学出版社,¥75.00,¥63.00,2018-06-01
昆虫记 （青少版）部编教材八年级上册推荐阅读,人民文学出版社,¥22.50,¥28.00,2017-07-01
无人生还：阿加莎 克里斯蒂作品集10（销售记录超过一亿册的侦探小,新星出版社,¥16.30,¥28.00,2013-07-01
蚂蚁和西瓜（2018版 细节大搜索 蒲蒲兰低幼畅销书 ）,２１世纪出版社,¥5.99,¥34.80,2005-08-09
牵风记（第十届茅盾文学奖获奖作品）,人民文学出版社,¥22.70,¥43.00,2019-01-01
独一无二的你+勇敢做自己,北京科学技术出版社,¥21.50,¥58.00,2013-02-01
好脏的哈利,新星出版社,¥14.99,¥29.80,2012-01-01
正面管教 A-Z：日常养育难题的1001个解决方案（以实例讲解不惩罚,北京联合出版公司,¥29.00,¥45.00,2013-10-01
宝葫芦的秘密（新课标）,安徽教育出版社,¥14.90,¥15.00,2015-06-01
青鸟（新课标。北大著名翻译家、2012年“傅雷翻译出版奖”获得者,浙江工商大学出版社,¥31.00,¥19.00,2017-04-01
上学就看 谁偷走了我的时间呢,北京少年儿童出版社,¥12.80,¥18.80,2015-01-01
观山海  “百鬼画师”杉泽绝美诠释山海经,湖南文艺出版社,¥3.19,¥168.00,2018-06-01
儒林外史(教育部统编《语文》推荐阅读丛书),人民文学出版社,¥16.20,¥45.00,2018-06-01
无穷小：一个危险的数学理论如何塑造了现代世界,化学工业出版社,¥1.99,¥69.80,2019-05-01
大林和小林（新课标全本，荣获豆瓣8.9高评分的经典童话，被誉为中,浙江工商大学出版社,¥9.40,¥18.00,2017-03-01
俗世奇人（足本）（“教育部统编《语文》推荐阅读丛书”）,人民文学出版社,¥84.00,¥28.00,2018-04-01
0-3岁行为习惯教养绘本（全6册）,长江少年儿童出版社,¥53.89,¥100.80,2018-01-01
小红火车大冒险故事绘本系列(全7册),贵州人民出版社,¥41.60,¥89.00,2014-08-01
墨菲定律(精装纪念版),古吴轩出版社,¥67.00,¥45.00,2019-05-08
猜猜我是谁系列套装（全4册）,北京联合出版公司,¥15.30,¥100.00,2014-11-01
全脑开发3-4岁（数字游戏+益智迷宫+思维训练+智力谜题 套装共4册,南海出版公司,¥1.99,¥144.00,2019-04-01
百年百部中国儿童文学经典书系(精选注音书) 妹妹的红雨鞋,长江少年儿童出版社,¥25.90,¥25.00,2018-08-01
西游记 朝花夕拾 湘行散记 白洋淀 猎人笔记 镜花缘 七年级上推荐,南方出版社,¥107.90,¥134.80,2018-04-01
穆斯林的葬礼（2015版）,北京十月文艺出版社,¥37.30,¥49.80,2015-09-01
中国古代神话选编（统编小学语文教科书指定阅读书系·名师讲读版,长江文艺出版社,¥21.90,¥26.00,2019-06-01
童年,西安交通大学出版社,¥22.10,¥25.00,2016-11-01
笨狼的故事注音版·笨狼是谁（全彩美图）,湖南少年儿童出版社,¥12.00,¥20.00,2016-06-01
妙想科学（全12册）,贵州人民出版社,¥1.99,¥168.00,2018-09-01
小狐狸买手套,辽宁少年儿童出版社,¥10.00,¥28.80,2019-04-03
羊皮卷大全集（畅销珍藏本）,黑龙江科学技术出版社,¥84.00,¥35.00,2011-01-01
醒来觉得甚是爱你：朱生豪,北京理工大学出版社,¥12.90,¥46.00,2018-10-01
我的第一本亲子思维导图：八种思维导图Thinking maps零基础亲子学,台海出版社,¥16.80,¥55.00,2019-06-01
侦探与小偷 （教育部统编《语文》推荐阅读，与语文教材无缝对接，,中译出版社（原中国对外翻译出版公司）,¥18.40,¥24.80,2019-01-01
繁星·春水(教育部统编《语文》推荐阅读丛书),人民文学出版社,¥27.50,¥36.00,2018-06-01
晚安，大猩猩,北京联合出版有限公司,¥12.10,¥35.00,2019-04-01
大卫科波菲尔（浙大著名翻译家宋兆霖全译本，狄更斯传奇自传性小,作家出版社,¥33.30,¥49.80,2015-08-01
三只小猪的真实故事    美国图书馆学会年度好书推荐、《纽约时报,河北教育出版社,¥17.50,¥34.80,2017-08-01
中国历代政治得失 钱穆（新校本）,九州出版社,¥23.90,¥16.00,2013-12-28
很杂很杂的杂学知识：拿得起放不下的学问书（让百度疯狂，谷歌抽,中国画报出版社,¥1.99,¥36.00,2014-08-01
胡萝卜怪,贵州人民出版社,¥20.20,¥39.80,2018-10-01
见识城邦·人类简史：从动物到上帝（新版）,中信出版社,¥10.50,¥68.00,2017-01-01
人间失格（太宰治绝望的告白，独家收录太宰治绝笔之作《Goodbye》,武汉出版社,¥6.99,¥25.00,2011-12-01
第一次自己睡觉,北京联合出版公司,¥16.40,¥32.80,2015-09-01
what if那些古怪又让人忧心的问题（珍藏版）,北京联合出版公司,¥34.00,¥68.00,2016-06-01
“统编版 快乐读书吧 三年级（上）稻草人指定阅读 （新课标，中国,安徽教育出版社,¥17.00,¥20.00,2015-05-01
国际大奖小说--爱上读书的妖怪,新蕾出版社,¥1.99,¥20.00,2016-06-01
一九八四（又译作“1984”）,时代文艺出版社,¥10.00,¥32.00,2018-02-05
小兵张嘎（“教育部统编《语文》推荐阅读丛书”）,人民文学出版社,¥15.30,¥30.00,2018-04-01
郑渊洁十二生肖童话（全12册）（内含《父与子》这篇文章，央视“,浙江少年儿童出版社,¥1.99,¥168.00,2015-12-01
解码青春期（了解青春期究竟发生了什么，帮助父母正面管教十几岁,湖南教育出版社,¥27.70,¥46.80,2019-01-01
戒了吧，拖延症——写给年轻人的拖延心理学（人生有限，拖延有害,天津人民出版社,¥132.70,¥32.80,2013-10-01
梅格时空大冒险·7~14岁儿童文学科幻经典（含《时间的折皱》[又名,文汇出版社,¥79.98,¥216.80,2017-07-01
小狗钱钱套装（全2册）青春有你吴泽林推荐！一个童话般的理财故事,四川少儿出版社,¥25.00,¥76.00,2018-04-01
非洲民间故事 教育部统编小学语文教材（五年级上）“快乐读书吧”,团结出版社,¥16.20,¥25.00,2019-02-01
逃家小兔,北京联合出版公司,¥8.20,¥32.00,2016-10-07
十几岁孩子的正面管教——教给十几岁的孩子人生技能（畅销书《正,北京联合出版公司,¥108.40,¥35.00,2014-02-01
草房子（赏读本） 曹文轩推荐儿童文学经典书系 8万多名读者热评！,北京教育出版社,¥29.99,¥22.80,2015-04-01
能力陷阱（樊登读书创始人樊登博士特别推荐图书）,北京联合出版有限公司,¥38.00,¥56.00,2019-04-01
湘行散记 七年级上 人教版名著阅读课程化丛书 教育部统编教材推荐,人民教育出版社,¥38.99,¥22.80,2017-06-01
俗世奇人（全二册）（第七届鲁迅文学奖获奖作品）,作家出版社,¥21.30,¥40.00,2016-02-29
石头汤,南海出版公司,¥14.40,¥46.80,2013-06-01
家（“教育部统编《语文》推荐阅读丛书”）,人民文学出版社,¥24.10,¥48.00,2018-04-01
且以优雅过一生：杨绛传（杨绛传记的标杆之作）,湖南文艺出版社,¥16.00,¥32.00,2016-09-01
小灵通漫游未来（新版本，此版当当 日销量靠前，手绘插图，教育部,中译出版社（原中国对外翻译出版公司）,¥16.00,¥32.80,2019-01-01
绿野仙踪（新课标原版插图本，著名儿童文学翻译家张炽恒倾情翻译,北京联合出版公司,¥16.00,¥20.00,2016-10-12
九型人格 : 职场高品质沟通的艺术,北京联合出版公司,¥17.00,¥39.80,2016-07-01
《蒲公英国际大奖小说》（全6册）,贵州人民出版社,¥1.99,¥184.00,2019-04-01
父与子全集（全彩版）,浙江工商大学出版社,¥29.80,¥36.00,2017-04-01
论语（2019新版！全文注音+详尽注释+精准翻译，无需古文基础，也,浙江教育出版社,¥11.99,¥38.00,2019-01-01
100层的房子（全4册，《100层的房子》+《地下100层的房子》+《海,北京科学技术出版社,¥92.00,¥156.00,2018-08-01
蜜汁炖鱿鱼（《亲爱的热爱的》原著小说，随书送杨紫、李现明信片,江苏凤凰文艺出版社,¥17.60,¥45.00,2019-03-01
艾青诗选 九年级上 人教版名著阅读课程化丛书 教育部统编教材推荐,人民教育出版社,¥0.00,¥33.80,2018-06-01
宫西达也恐龙系列：你看起来好像很好吃,２１世纪出版社,¥18.60,¥36.80,2009-01-01
红星照耀中国   (团购更优惠 电话：4001066666转6）八年级上册必,人民文学出版社,¥78.00,¥43.00,2017-06-01
城南旧事：一部触动千万读者灵魂的童年离骚,江苏人民出版社,¥27.00,¥28.00,2015-07-01
幼儿园里我最棒,北京科学技术出版社,¥25.35,¥30.00,2016-01-01
1分钟物理：“中科院物理所”趣味科普专栏【第一辑】,北京联合出版有限公司,¥20.30,¥55.00,2019-03-01
永远讲不完的故事(新译本),２１世纪出版社,¥21.50,¥45.00,2013-06-01
大国崛起,人民出版社,¥14.00,¥56.00,2007-01-01
声律启蒙 拼音大字 免费音频 名师诵读 国学诵·中华传统文化经典,北京教育出版社,¥15.00,¥24.80,2015-04-01
为你自己读书,中国华侨,¥27.50,¥26.80,2007-12-01
显微镜下的大明（马伯庸著，全新明朝历史书）,湖南文艺出版社,¥16.80,¥52.00,2019-01-01
田鼠阿佛,南海出版公司,¥19.90,¥39.80,2010-09-01
格林童话（注音版）——世界儿童共享的经典丛书（新版）,上海文化出版社,¥17.30,¥35.00,2017-12-01
白洋淀纪事（中学生定制版）部编教材七年级上指定阅读书系 团购电,长江文艺出版社,¥25.30,¥29.80,2017-08-01
王子与贫儿（“马克·吐温”作品翻译权威张友松先生经典全译本）,作家出版社,¥9.60,¥20.00,2015-08-01
“没头脑”和“不高兴”任溶溶幽默儿童文学创作（注音版）典藏本,浙江少年儿童出版社,¥2.60,¥98.00,2018-04-01
查令十字街84号（精装珍藏版，李现推荐）,译林出版社,¥49.00,¥35.00,2016-05-01
镜花缘（中国古典文学巨著，鲁迅称之为能“与万宝全书相邻比”的,民主与建设出版社,¥27.60,¥39.80,2015-10-01
成语故事（中小学语文新课标必读名著 ）62000多名读者热评！,人民邮电出版社,¥19.10,¥15.80,2013-01-01
神奇校车大家族（全73册）,贵州人民出版社,¥0.00,¥828.00,2018-10-01
鲁滨孙漂流记 统编语文教科书六年级（下）指定阅读 快乐读书吧丛,商务印书馆,¥13.40,¥14.80,2012-07-01
统编版 快乐读书吧（六年级上）指定阅读 小英雄雨来 （新版本，手,辽宁少年儿童出版社,¥414.00,¥26.80,2019-04-01
瓦尔登湖（瓦尔登湖畔，不只是身体的栖息之所，更是精神的沉思之,作家出版社,¥12.60,¥25.00,2015-12-01
小鸡鸡的故事+乳房的故事（全2册，性教育套装2018版）,连环画出版社,¥12.00,¥72.00,2018-04-11
极地特快（2018版）,新星出版社,¥11.20,¥49.50,2018-11-01
游戏力畅销版套装（全3册）[精选套装],中信出版社,¥9.99,¥142.00,2018-07-01
笑场（2017精装版）,湖南文艺出版社,¥36.00,¥36.00,2017-08-20
花格子大象艾玛经典绘本（套装全23册）,中信出版社,¥24.80,¥468.00,2018-09-01
绿野仙踪（中小学语文新课标必读名著）47000多名读者热评！,人民邮电出版社,¥71.00,¥15.80,2013-01-01
钢铁是怎样炼成的（新课标·部编本教材推荐阅读  八年级下）,浙江工商大学出版社,¥18.00,¥26.00,2017-04-01
飞向太空港（中学生定制版（全本））—教育部新编语文教材指定阅,长江文艺出版社,¥14.39,¥28.00,2017-08-01
不用说，孩子就会听——歪歪兔逆反期教育系列图画书（全8册）,海豚出版社,¥37.50,¥75.00,2014-03-01
杜甫传（教育部统编《语文》推荐阅读丛书）,人民文学出版社,¥24.00,¥26.00,2018-07-01
幼小衔接 欢迎来到一年级：幼小衔接家长手册（2017年度大众喜爱的,化学工业出版社,¥30.90,¥45.00,2017-06-01
米小圈上学记三年级（套装共4册）,四川少儿出版社,¥50.00,¥100.00,2018-04-01
意林合订本2019年07期-12期（总第61卷）（升级版）,吉林摄影出版社,¥17.80,¥35.60,2019-05-01
学会管自己幼儿版-歪歪兔自控力教育系列绘本,海豚出版社,¥44.00,¥88.00,2017-06-01
懂你（复旦名师陈果作品！）,山东画报出版社,¥12.00,¥24.00,2016-06-01
妞妞：一个父亲的札记,北京十月文艺出版社,¥21.00,¥42.00,2018-03-23
我在未来等你（刘同作品，李光洁、费启鸣、孙千、辛云来、徐婕、,北京联合出版有限公司,¥25.20,¥42.00,2017-09-01
游戏力经典套装（全2册）[精选套装],中信出版社,¥30.20,¥97.00,2018-07-01
围城（“教育部统编《语文》推荐阅读丛书”）,人民文学出版社,¥16.99,¥38.00,2018-04-01
白洋淀纪事 七年级上 人教版名著阅读课程化丛书 教育部统编教材推,人民教育出版社,¥48.50,¥35.80,2017-12-01
万历十五年（增补本）,九州出版社,¥29.10,¥32.00,2015-03-01
神奇校车·人文版（全3册）,贵州人民出版社,¥35.10,¥54.00,2018-06-06
丰子恺愿你一生清澈明朗,现代出版社,¥26.85,¥39.80,2017-03-29
鼹鼠与小鸟,贵州人民出版社,¥19.20,¥36.00,2019-03-01
可复制的领导力：樊登的9堂商业课（团购，请致电400-106-6666转6,中信出版社,¥27.00,¥49.00,2017-12-01
斯凯瑞金色童书·第三辑（全3册）,贵州人民出版社,¥19.90,¥18.00,2007-10-01
小金鱼逃走了,新星出版社,¥2.99,¥35.00,2017-04-01
巴黎圣母院（教育部统编《语文》推荐阅读丛书）,人民文学出版社,¥18.00,¥45.00,2018-06-01
无声告白（我们终此一生，就是要摆脱他人的期待，找到真正的自己,江苏文艺出版社,¥17.50,¥35.00,2016-09-01
再见，电视机,北京科学技术出版社,¥9.99,¥35.00,2017-01-01
魔戒三部曲：插图本（2018年新版）,上海人民出版社,¥17.50,¥149.00,2014-05-01
郑渊洁四大名传：鲁西西传,浙江少年儿童出版社,¥117.30,¥25.00,2015-12-01
捕捉儿童敏感期（珍藏版）：了解孩子内心的早教经典，解除育儿焦,中国妇女出版社,¥18.50,¥38.00,2013-04-01
海底两万里(教育部统编《语文》推荐阅读丛书)部编教材七年级下册,人民文学出版社,¥10.99,¥35.00,2018-06-01
呐喊（新课标）,安徽教育出版社,¥24.70,¥20.00,2015-01-01
中国古代神话故事（教育部统编《语文》快乐读书吧推荐阅读丛书）,天地出版社,¥32.40,¥24.80,2018-11-01
阿Q正传（“精神胜利法”的悲喜剧，另收录《狂人日记》等鲁迅名篇,北京联合出版公司,¥17.00,¥20.00,2014-12-01
我和小姐姐克拉拉（共3册）1.2.3 经典完全本,二十一世纪出版社,¥0.00,¥48.00,2015-09-01
大卫不可以+大卫上学去+大卫惹麻烦+圣诞节到了（大卫系列全4册）,北京联合出版公司,¥21.10,¥135.20,2014-12-01
流浪地球：刘慈欣授权，电影原著小说,中国华侨出版社,¥9.60,¥38.00,2016-06-01
耶路撒冷三千年（第十届文津奖获奖图书）深圳读书月2015年度十大,民主与建设出版社,¥0.00,¥78.00,2015-01-01
小鸡球球成长绘本系列：全6册,长江少年儿童出版社,¥24.00,¥142.80,2018-02-02
呐喊（“教育部统编《语文》推荐阅读丛书”）,人民文学出版社,¥104.50,¥20.00,2018-04-01
十万个为什么（小学生彩绘版）,煤炭工业出版社,¥27.30,¥128.00,2014-01-01
去旅行系列（中国版）2018年度最值得期待的原创作品,广西科学技术出版社,¥39.00,¥108.00,2018-11-01
黄蓓佳倾情小说：我要做好孩子,江苏少年儿童出版社,¥71.40,¥22.00,2016-09-01
快乐读书吧指定阅读书目四年级上册必读 中国古代神话故事（小学生,河北少年儿童出版社,¥18.50,¥17.80,2014-07-01
少年读西游记（套装全3册）,青岛出版社,¥39.00,¥89.40,2017-10-20
神奇校车·图画书版（全12册，新增《科学博览会》1册）,贵州人民出版社,¥176.20,¥198.00,2018-05-10
人间失格（日本小说家太宰治的自传体小说，李现推荐）,作家出版社,¥18.80,¥25.00,2015-08-01
小熊和最好的爸爸（全7册）,贵州人民出版社,¥4.99,¥35.00,2007-11-01
红星照耀中国（青少版）人民文学出版社,人民文学出版社,¥31.20,¥33.00,2017-06-01
信谊世界精选图画书·猜猜我有多爱你,明天出版社,¥24.80,¥38.80,2018-01-01
少年读史记（套装全5册）,青岛出版社,¥36.90,¥100.00,2015-09-01
西游记原著版（上、下册）（七年级上册必读、1-9年级必读书单）（,人民文学出版社,¥85.00,¥47.20,2010-10-01
正面管教(修订版),北京联合出版公司,¥30.68,¥38.00,2016-07-01
神奇校车·桥梁书版（全20册）,贵州人民出版社,¥35.50,¥150.00,2014-04-01
活着（2017年新版）,作家出版社,¥12.99,¥28.00,2012-08-01
三体：全三册 刘慈欣代表作，亚洲首部“雨果奖”获奖作品！,重庆出版社,¥133.50,¥93.00,2010-11-01
小学生必背古诗词75+80首 20多万读者好评，不同印次随机发货,华语教学出版社,¥28.00,¥28.00,2014-02-01
小狗的小房子 二年级上册 曹文轩 陈先云 主编 统编语文教科书必读,人民教育出版社,¥9.99,¥16.00,2018-08-01
一只想飞的猫 二年级上册 曹文轩 陈先云 主编 统编语文教科书必读,人民教育出版社,¥93.00,¥16.00,2018-08-01
古汉语常用字字典（第5版）,商务印书馆,¥29.99,¥39.90,2016-04-01
夏洛的网（新）,上海译文出版社,¥22.40,¥26.00,2014-08-01
快乐读书吧 小鲤鱼跳龙门 一只想飞的猫 孤独的小螃蟹 小狗的小房,商务印书馆,¥12.00,¥109.00,2019-06-01
乌丢丢的奇遇 曹文轩推荐儿童文学经典书系 24万多名读者热评！,北京教育出版社,¥12.00,¥18.80,2015-04-01
“歪脑袋”木头桩 二年级上册 曹文轩 陈先云 主编 统编语文教科书,人民教育出版社,¥34.00,¥16.00,2018-08-01
孤独的小螃蟹 二年级上册 曹文轩 陈先云 主编 统编语文教科书必读,人民教育出版社,¥19.50,¥16.00,2018-08-01
