中国人民银行在香港成功发行300亿元人民币央行票据,2019-11-07,/goutongjiaoliu/113456/113469/3916228/index.html
陈雨露副行长参加第二届中国国际进口博览会及相关论坛,2019-11-06,/goutongjiaoliu/113456/113469/3915634/index.html
2019年前三季度地区社会融资规模统计表,2019-11-05,/goutongjiaoliu/113456/113469/3914909/index.html
第二十七届中国国际金融展在深圳举行,2019-11-04,/goutongjiaoliu/113456/113469/3914436/index.html
人民银行党委、外汇局党组学习传达贯彻党的十九届四中全会精神,2019-11-01,/goutongjiaoliu/113456/113469/3913096/index.html
中国人民银行 国家市场监督管理总局联合推动金融科技产品纳入国家统一推行的...,2019-10-29,/goutongjiaoliu/113456/113469/3910551/index.html
人民银行文联举办“庆祝新中国成立70周年” 央行职工书法美术摄影作品展,2019-10-28,/goutongjiaoliu/113456/113469/3910288/index.html
中国人民银行发布《中国人民银行货币鉴别及假币收缴、鉴定管理办法》,2019-10-25,/goutongjiaoliu/113456/113469/3909208/index.html
中国人民银行发布《人民币图样使用管理办法》,2019-10-25,/goutongjiaoliu/113456/113469/3909223/index.html
中国人民银行公告〔2019〕第23号,2019-10-25,/goutongjiaoliu/113456/113469/3909106/index.html
2019年三季度金融机构贷款投向统计报告,2019-10-25,/goutongjiaoliu/113456/113469/3908949/index.html
中欧双边本币互换协议再次展期,2019-10-25,/goutongjiaoliu/113456/113469/3908391/index.html
国家发展改革委、中国人民银行有关部门负责人就《关于进一步明确规范金融机...,2019-10-25,/goutongjiaoliu/113456/113469/3908320/index.html
2019年三季度小额贷款公司统计数据报告,2019-10-25,/goutongjiaoliu/113456/113469/3908333/index.html
2019年第三季度企业家问卷调查报告,2019-10-24,/goutongjiaoliu/113456/113469/3894216/index.html
2019年第三季度银行家问卷调查报告,2019-10-24,/goutongjiaoliu/113456/113469/3894208/index.html
2019年第三季度城镇储户问卷调查报告,2019-10-24,/goutongjiaoliu/113456/113469/3894200/index.html
银行科技发展奖观摩研讨会在上海召开,2019-10-21,/goutongjiaoliu/113456/113469/3906195/index.html
2019年9月份金融市场运行情况,2019-10-21,/goutongjiaoliu/113456/113469/3906200/index.html
第六届世界互联网大会“金融科技――深度融合・多向赋能”分论坛在浙江乌镇...,2019-10-21,/goutongjiaoliu/113456/113469/3905935/index.html
范一飞副行长在上海出席复旦大学加入金融科技研究中心签约暨金融科技前沿研...,2019-10-21,/goutongjiaoliu/113456/113469/3905938/index.html
中国普惠金融指标分析报告（2018年）,2019-10-21,/goutongjiaoliu/113456/113469/3905926/index.html
中国人民银行行长易纲出席第40届国际货币与金融委员会会议,2019-10-20,/goutongjiaoliu/113456/113469/3905851/index.html
中国人民银行行长易纲会见日本财长麻生太郎,2019-10-20,/goutongjiaoliu/113456/113469/3905848/index.html
中国人民银行副行长陈雨露出席金砖国家财长和央行行长会议等相关活动,2019-10-20,/goutongjiaoliu/113456/113469/3905844/index.html
中国人民银行行长易纲会见英格兰银行行长卡尼,2019-10-19,/goutongjiaoliu/113456/113469/3905801/index.html
中国人民银行行长易纲出席可持续金融国际平台启动仪式,2019-10-19,/goutongjiaoliu/113456/113469/3905794/index.html
中国人民银行行长易纲、副行长陈雨露出席二十国集团财长和央行行长会议和副...,2019-10-19,/goutongjiaoliu/113456/113469/3905786/index.html
中国人民银行行长易纲会见美联储主席鲍威尔,2019-10-18,/goutongjiaoliu/113456/113469/3905142/index.html
中国人民银行行长易纲会见国际货币与金融委员会主席、南非央行行长康亚戈,2019-10-18,/goutongjiaoliu/113456/113469/3905139/index.html
中国人民银行行长易纲会见英国财政大臣贾维德,2019-10-18,/goutongjiaoliu/113456/113469/3905136/index.html
中国人民银行行长易纲会见国际货币基金组织总裁格奥尔基耶娃,2019-10-18,/goutongjiaoliu/113456/113469/3905133/index.html
中国人民银行于10月17日开展央行票据互换（CBS）操作,2019-10-17,/goutongjiaoliu/113456/113469/3904960/index.html
2019年第三季度金融统计数据新闻发布会文字实录,2019-10-16,/goutongjiaoliu/113456/113469/3904475/index.html
中国人民银行公告〔2019〕第22号,2019-10-16,/goutongjiaoliu/113456/113469/3903883/index.html
中国人民银行 国家外汇管理局进一步便利境外机构投资者投资银行间债券市场,2019-10-16,/goutongjiaoliu/113456/113469/3903915/index.html
中国人民银行 国家外汇管理局关于进一步便利境外机构投资者投资银行间债券市...,2019-10-16,/goutongjiaoliu/113456/113469/3903911/index.html
2019年前三季度金融统计数据报告,2019-10-15,/goutongjiaoliu/113456/113469/3903659/index.html
2019年9月社会融资规模存量统计数据报告,2019-10-15,/goutongjiaoliu/113456/113469/3903642/index.html
2019年前三季度社会融资规模增量统计数据报告,2019-10-15,/goutongjiaoliu/113456/113469/3903656/index.html
陈雨露副行长出席人民银行党校2019年秋季局处级干部专题研究班开班式,2019-10-12,/goutongjiaoliu/113456/113469/3902498/index.html
中国人民银行有关部门负责人就《标准化债权类资产认定规则（征求意见稿）》...,2019-10-12,/goutongjiaoliu/113456/113469/3902174/index.html
标准化债权类资产认定规则（征求意见稿）,2019-10-12,/goutongjiaoliu/113456/113469/3902171/index.html
易纲行长在《中国金融》刊发署名文章：新中国成立70年金融事业取得辉煌成就,2019-09-30,/goutongjiaoliu/113456/113469/3898233/index.html
人民银行总行机关举行升国旗仪式 庆祝中华人民共和国成立70周年,2019-09-30,/goutongjiaoliu/113456/113469/3898428/index.html
中国人民银行行长易纲会见古巴驻华大使拉米雷斯,2019-09-30,/goutongjiaoliu/113456/113469/3898196/index.html
中国人民银行公告〔2019〕第20号,2019-09-29,/goutongjiaoliu/113456/113469/3897518/index.html
中国人民银行货币政策委员会召开2019年第三季度例会,2019-09-27,/goutongjiaoliu/113456/113469/3897483/index.html
中国人民银行公告〔2019〕第19号,2019-09-27,/goutongjiaoliu/113456/113469/3897124/index.html
中国人民银行在香港成功发行100亿元人民币央行票据,2019-09-26,/goutongjiaoliu/113456/113469/3896493/index.html
“以新发展理念为引领，推进中国经济平稳健康可持续发展”新闻发布会实录,2019-09-24,/goutongjiaoliu/113456/113469/3895219/index.html
中国人民银行与国际清算银行在京共同主办人民币国际化研讨会,2019-09-20,/goutongjiaoliu/113456/113469/3893933/index.html
人民银行发布《中国农村金融服务报告（2018）》,2019-09-20,/goutongjiaoliu/113456/113469/3892519/index.html
2018年度银行科技发展奖评审领导小组会议在京召开,2019-09-19,/goutongjiaoliu/113456/113469/3892851/index.html
2019年8月份金融市场运行情况,2019-09-17,/goutongjiaoliu/113456/113469/3891281/index.html
中国人民银行公告〔2019〕第18号,2019-09-17,/goutongjiaoliu/113456/113469/3891367/index.html
人民银行召开办公室工作座谈会,2019-09-16,/goutongjiaoliu/113456/113469/3890567/index.html
人民银行召开“不忘初心、牢记使命”主题教育第一批总结暨第二批部署会议,2019-09-12,/goutongjiaoliu/113456/113469/3889515/index.html
2019年二季度末金融业机构总资产308.96万亿元,2019-09-12,/goutongjiaoliu/113456/113469/3889084/index.html
中国人民银行行长易纲出席西班牙央行和重建布雷顿森林体系委员会联合研讨会,2019-09-12,/goutongjiaoliu/113456/113469/3888884/index.html
2019年8月金融统计数据报告,2019-09-11,/goutongjiaoliu/113456/113469/3888753/index.html
2019年8月社会融资规模存量统计数据报告,2019-09-11,/goutongjiaoliu/113456/113469/3888750/index.html
2019年8月社会融资规模增量统计数据报告,2019-09-11,/goutongjiaoliu/113456/113469/3888746/index.html
中国人民银行于9月11日开展央行票据互换（CBS）操作,2019-09-11,/goutongjiaoliu/113456/113469/3888738/index.html
中国人民银行行长易纲出席国际清算银行行长例会,2019-09-10,/goutongjiaoliu/113456/113469/3887403/index.html
中国人民银行公告〔2019〕第17号,2019-09-06,/goutongjiaoliu/113456/113469/3885936/index.html
中国人民银行有关负责人表示：降准支持实体经济发展,2019-09-06,/goutongjiaoliu/113456/113469/3886675/index.html
中国人民银行决定于2019年9月16日下调金融机构存款准备金率,2019-09-06,/goutongjiaoliu/113456/113469/3886672/index.html
实地调研呼应代表关切 多方合力缓解融资难题,2019-08-30,/goutongjiaoliu/113456/113469/3882975/index.html
中国人民银行行长易纲出席东亚及太平洋中央银行行长会议组织（EMEAP）第24届...,2019-08-30,/goutongjiaoliu/113456/113469/3882566/index.html
中国人民银行行长易纲会见新加坡金管局行长孟文能,2019-08-29,/goutongjiaoliu/113456/113469/3882476/index.html
中俄总理定期会晤委员会金融合作分委会第二十次会议在俄罗斯加里宁格勒市举...,2019-08-29,/goutongjiaoliu/113456/113469/3882487/index.html
易纲行长会见香港金融管理局总裁陈德霖,2019-08-28,/goutongjiaoliu/113456/113469/3882034/index.html
2019年“金融知识普及月 金融知识进万家 争做理性投资者 争做金融好网民”活...,2019-08-28,/goutongjiaoliu/113456/113469/3881787/index.html
朱鹤新副行长赴湖南调研脱贫攻坚和乡村振兴金融服务工作,2019-08-27,/goutongjiaoliu/113456/113469/3880917/index.html
人民银行召开金融机构贷款市场报价利率（LPR）工作会议,2019-08-26,/goutongjiaoliu/113456/113469/3880571/index.html
中国人民银行有关负责人就个人住房贷款利率答记者问,2019-08-25,/goutongjiaoliu/113456/113469/3879645/index.html
中国人民银行公告〔2019〕第16号,2019-08-25,/goutongjiaoliu/113456/113469/3879648/index.html
2019年第二季度支付体系运行总体情况,2019-08-22,/goutongjiaoliu/113456/113469/3878784/index.html
中国人民银行印发《金融科技（FinTech） 发展规划（2019―2021年）》,2019-08-22,/goutongjiaoliu/113456/113469/3878634/index.html
2019年第二季度中国货币政策大事记,2019-08-20,/goutongjiaoliu/113456/113469/3877849/index.html
人民银行副行长刘国强等出席国务院政策例行吹风会：降低实际利率水平有关政...,2019-08-20,/goutongjiaoliu/113456/113469/3877580/index.html
中国人民银行有关负责人就完善贷款市场报价利率形成机制答记者问,2019-08-17,/goutongjiaoliu/113456/113469/3876493/index.html
中国人民银行公告〔2019〕第15号,2019-08-17,/goutongjiaoliu/113456/113469/3876490/index.html
2019年7月份金融市场运行情况,2019-08-16,/goutongjiaoliu/113456/113469/3876220/index.html
中国人民银行在香港成功发行300亿元人民币央行票据,2019-08-14,/goutongjiaoliu/113456/113469/3874438/index.html
邬贺铨院士做客人民银行“金融科技大讲堂”,2019-08-13,/goutongjiaoliu/113456/113469/3874376/index.html
中国人民银行行长易纲会见老挝人民民主共和国银行行长宋赛・西帕赛,2019-08-12,/goutongjiaoliu/113456/113469/3873127/index.html
2019年7月金融统计数据报告,2019-08-12,/goutongjiaoliu/113456/113469/3873329/index.html
2019年7月社会融资规模存量统计数据报告,2019-08-12,/goutongjiaoliu/113456/113469/3873322/index.html
2019年7月社会融资规模增量统计数据报告,2019-08-12,/goutongjiaoliu/113456/113469/3873307/index.html
深化金融改革扩大金融开放 坚定不移地走中国特色的发展之路,2019-08-12,/goutongjiaoliu/113456/113469/3873333/index.html
2019年第二季度中国货币政策执行报告,2019-08-09,/goutongjiaoliu/113456/113469/3872965/index.html
中国人民银行于8月9日开展央行票据互换（CBS）操作,2019-08-09,/goutongjiaoliu/113456/113469/3872708/index.html
中国人民银行关于美国财政部将中国列为“汇率操纵国”的声明,2019-08-06,/goutongjiaoliu/113456/113469/3870431/index.html
中国人民银行将于8月14日在香港发行300亿元人民币央行票据,2019-08-06,/goutongjiaoliu/113456/113469/3870200/index.html
易纲行长谈人民币汇率,2019-08-05,/goutongjiaoliu/113456/113469/3870187/index.html
陈雨露出席国务院政策例行吹风会,2019-08-05,/goutongjiaoliu/113456/113469/3869828/index.html
人民币汇率完全能够在合理均衡水平上保持基本稳定,2019-08-05,/goutongjiaoliu/113456/113469/3869683/index.html
人民银行召开2019年下半年工作电视会议,2019-08-02,/goutongjiaoliu/113456/113469/3869429/index.html
全国银行业金融机构信贷结构调整优化座谈会在京召开,2019-07-31,/goutongjiaoliu/113456/113469/3868512/index.html
人民银行增加支小再贷款额度500亿元支持中小银行扩大对小微、民营企业的信贷...,2019-07-31,/goutongjiaoliu/113456/113469/3868509/index.html
2019年消费者金融素养调查简要报告,2019-07-31,/goutongjiaoliu/113456/113469/3868040/index.html
2019年上半年地区社会融资规模增量统计表,2019-07-29,/goutongjiaoliu/113456/113469/3866369/index.html
中国人民银行有关部门负责人就《金融控股公司监督管理试行办法（征求意见稿...,2019-07-26,/goutongjiaoliu/113456/113469/3865603/index.html
中国人民银行就《金融控股公司监督管理试行办法（征求意见稿）》公开征求意...,2019-07-26,/goutongjiaoliu/113456/113469/3865594/index.html
2019年二季度金融机构贷款投向统计报告,2019-07-26,/goutongjiaoliu/113456/113469/3865563/index.html
2019年上半年小额贷款公司统计数据报告,2019-07-25,/goutongjiaoliu/113456/113469/3864964/index.html
人民银行有关负责人介绍相关金融业开放措施,2019-07-20,/goutongjiaoliu/113456/113469/3863024/index.html
关于进一步扩大金融业对外开放的有关举措,2019-07-20,/goutongjiaoliu/113456/113469/3863019/index.html
中国区域金融运行报告（2019）,2019-07-19,/goutongjiaoliu/113456/113469/3862882/index.html
2019年6月份金融市场运行情况,2019-07-17,/goutongjiaoliu/113456/113469/3861125/index.html
深度贫困地区金融精准扶贫工作推进会在拉萨召开,2019-07-15,/goutongjiaoliu/113456/113469/3859170/index.html
2019年上半年金融统计数据新闻发布会文字实录,2019-07-12,/goutongjiaoliu/113456/113469/3858419/index.html
2019年上半年金融统计数据报告,2019-07-12,/goutongjiaoliu/113456/113469/3857036/index.html
2019年6月末社会融资规模存量统计数据报告,2019-07-12,/goutongjiaoliu/113456/113469/3857015/index.html
2019年上半年社会融资规模增量统计数据报告,2019-07-12,/goutongjiaoliu/113456/113469/3856999/index.html
中国人民银行公告〔2019〕第13号,2019-07-03,/goutongjiaoliu/113456/113469/3853319/index.html
2019年第一季度支付体系运行总体情况,2019-07-03,/goutongjiaoliu/113456/113469/3853065/index.html
陈雨露副行长会见马来西亚财政部部长林冠英,2019-07-02,/goutongjiaoliu/113456/113469/3852889/index.html
人民银行党委开展“不忘初心、牢记使命”主题教育集中学习研讨,2019-07-01,/goutongjiaoliu/113456/113469/3851865/index.html
中国人民银行行长易纲出席国际清算银行第89次股东大会,2019-07-01,/goutongjiaoliu/113456/113469/3851611/index.html
中国人民银行行长易纲出席欧洲经济货币联盟大会,2019-07-01,/goutongjiaoliu/113456/113469/3851607/index.html
人民银行召开扶贫开发工作领导小组会议暨定点扶贫自查自纠整改落实推进会,2019-07-01,/goutongjiaoliu/113456/113469/3851280/index.html
2019年度金融领域企业标准“领跑者”活动启动会在京召开,2019-06-27,/goutongjiaoliu/113456/113469/3850655/index.html
中国人民银行货币政策委员会召开2019年第二季度例会,2019-06-27,/goutongjiaoliu/113456/113469/3850443/index.html
中国人民银行公告〔2019〕第11号,2019-06-27,/goutongjiaoliu/113456/113469/3850332/index.html
中国人民银行于6月27日开展央行票据互换（CBS）操作,2019-06-27,/goutongjiaoliu/113456/113469/3850381/index.html
中国人民银行 工业和信息化部 国家税务总局 国家市场监督管理总局建成运行企...,2019-06-26,/goutongjiaoliu/113456/113469/3850122/index.html
中国人民银行在香港成功发行300亿元人民币央行票据,2019-06-26,/goutongjiaoliu/113456/113469/3849737/index.html
人民银行 银保监会“小微企业金融服务有关情况”新闻发布会文字实录,2019-06-25,/goutongjiaoliu/113456/113469/3849402/index.html
中国人民银行 中国银保监会首次发布中国小微企业金融服务白皮书,2019-06-24,/goutongjiaoliu/113456/113469/3848271/index.html
锐意进取 改革创新 齐心协力推进人民银行安全保卫工作再上新台阶,2019-06-21,/goutongjiaoliu/113456/113469/3847837/index.html
2019年第二季度企业家问卷调查报告,2019-06-20,/goutongjiaoliu/113456/113469/3846879/index.html
2019年第二季度银行家问卷调查报告,2019-06-20,/goutongjiaoliu/113456/113469/3846874/index.html
2019年第二季度城镇储户问卷调查报告,2019-06-20,/goutongjiaoliu/113456/113469/3846884/index.html
中国人民银行将于6月26日在香港发行人民币央行票据,2019-06-19,/goutongjiaoliu/113456/113469/3846282/index.html
中国人民银行与英格兰银行举办第二届联合研讨会,2019-06-18,/goutongjiaoliu/113456/113469/3846239/index.html
中国人民银行向中国银联颁发银行卡清算业务许可证,2019-06-18,/goutongjiaoliu/113456/113469/3845565/index.html
2019年5月份金融市场运行情况,2019-06-17,/goutongjiaoliu/113456/113469/3845266/index.html
包商银行接管组负责人就有关问题答《金融时报》记者问,2019-06-16,/goutongjiaoliu/113456/113469/3844732/index.html
郭树清：中国的复兴无人可以阻挡,2019-06-15,/goutongjiaoliu/113456/113469/3844709/index.html
郭树清在第十一届陆家嘴论坛上的开幕致辞,2019-06-15,/goutongjiaoliu/113456/113469/3844705/index.html
人民银行增加再贴现和常备借贷便利额度3000亿元，加强对中小银行流动性支持,2019-06-14,/goutongjiaoliu/113456/113469/3844334/index.html
人民银行行长易纲在第十一届陆家嘴论坛上的演讲,2019-06-13,/goutongjiaoliu/113456/113469/3843030/index.html
2019年5月金融统计数据报告,2019-06-12,/goutongjiaoliu/113456/113469/3842782/index.html
2019年5月社会融资规模存量统计数据报告,2019-06-12,/goutongjiaoliu/113456/113469/3842785/index.html
2019年5月社会融资规模增量统计数据报告,2019-06-12,/goutongjiaoliu/113456/113469/3842788/index.html
中国人民银行行长易纲会见世界银行行长马尔帕斯,2019-06-11,/goutongjiaoliu/113456/113469/3841987/index.html
有效发挥财政货币政策作用 支持做好专项债券发行及项目配套融资有关工作,2019-06-11,/goutongjiaoliu/113456/113469/3841572/index.html
中国人民银行将于6月下旬在香港发行人民币央行票据,2019-06-11,/goutongjiaoliu/113456/113469/3841579/index.html
2019年一季度末金融业机构总资产302.71万亿元,2019-06-10,/goutongjiaoliu/113456/113469/3841268/index.html
中国人民银行行长易纲出席第十一届中日韩央行行长会议,2019-06-10,/goutongjiaoliu/113456/113469/3841016/index.html
人民银行与泰国央行签署金融科技合作协议,2019-06-10,/goutongjiaoliu/113456/113469/3840714/index.html
中国人民银行行长易纲出席二十国集团财长和央行行长会议,2019-06-09,/goutongjiaoliu/113456/113469/3840993/index.html
中国人民银行行长易纲会见英国财政大臣哈蒙德,2019-06-09,/goutongjiaoliu/113456/113469/3840969/index.html
中国人民银行行长易纲会见美国财长姆努钦,2019-06-09,/goutongjiaoliu/113456/113469/3840966/index.html
中国人民银行行长易纲会见瑞士央行行长托马斯・乔丹,2019-06-09,/goutongjiaoliu/113456/113469/3840963/index.html
中国人民银行行长易纲会见反洗钱金融行动特别工作组主席Marshall Billingsl...,2019-06-09,/goutongjiaoliu/113456/113469/3840956/index.html
金融委办公室召开会议 研究维护同业业务稳定工作,2019-06-09,/goutongjiaoliu/113456/113469/3840953/index.html
人民银行召开“不忘初心、牢记使命” 主题教育动员部署会议,2019-06-06,/goutongjiaoliu/113456/113469/3840932/index.html
中国人民银行副行长陈雨露会见苏里南央行行长特里克特,2019-06-06,/goutongjiaoliu/113456/113469/3840775/index.html
人民银行党委学习传达“不忘初心、牢记使命” 主题教育工作会议精神,2019-06-05,/goutongjiaoliu/113456/113469/3840254/index.html
人民币合格境外机构投资者（RQFII）试点地区扩大到荷兰,2019-06-05,/goutongjiaoliu/113456/113469/3839916/index.html
中国人民银行有关负责人答记者问,2019-06-02,/goutongjiaoliu/113456/113469/3838479/index.html
人民银行召开参事工作座谈会,2019-05-31,/goutongjiaoliu/113456/113469/3838259/index.html
中国人民银行公告（2019）第12号,2019-05-31,/goutongjiaoliu/113456/113469/3838292/index.html
中国人民银行公告〔2019〕第10号,2019-05-27,/goutongjiaoliu/113456/113469/3835318/index.html
中国人民银行公告〔2019〕第9号,2019-05-27,/goutongjiaoliu/113456/113469/3835157/index.html
中国人民银行 国家外汇管理局公告〔2019〕第8号,2019-05-27,/goutongjiaoliu/113456/113469/3834732/index.html
中国人民银行 中国银行保险监督管理委员会新闻发言人就接管包商银行问题答记...,2019-05-26,/goutongjiaoliu/113456/113469/3834130/index.html
中国人民银行、中国银行保险监督管理委员会负责人就接管包商银行问题答记者...,2019-05-24,/goutongjiaoliu/113456/113469/3834103/index.html
中国人民银行 中国银行保险监督管理委员会依法联合对包商银行股份有限公司实...,2019-05-24,/goutongjiaoliu/113456/113469/3834072/index.html
中国人民银行 中国银行保险监督管理委员会关于接管包商银行股份有限公司的公...,2019-05-24,/goutongjiaoliu/113456/113469/3834025/index.html
2019年第一季度中国货币政策大事记,2019-05-24,/goutongjiaoliu/113456/113469/3833427/index.html
人民银行召开2019年内审工作会议,2019-05-24,/goutongjiaoliu/113456/113469/3833399/index.html
中国人民银行副行长刘国强：应对汇率波动经验丰富，政策工具储备充足,2019-05-23,/goutongjiaoliu/113456/113469/3833130/index.html
中国人民银行副行长潘功胜出席东亚及太平洋中央银行行长会议组织第56届副手...,2019-05-23,/goutongjiaoliu/113456/113469/3832880/index.html
人民银行举办“青春心向党q奋斗在央行” 纪念五四运动100周年特别主题团日...,2019-05-22,/goutongjiaoliu/113456/113469/3831932/index.html
人民银行启动“征信服务小微与民营企业融资发展”全国宣传活动,2019-05-21,/goutongjiaoliu/113456/113469/3831929/index.html
银行间债券市场会同沪深交易所将推出跨市场债券指数公募证券投资基金试点,2019-05-20,/goutongjiaoliu/113456/113469/3830894/index.html
潘功胜：经济金融稳健运行，为外汇市场和人民币汇率保持合理稳定提供有力支...,2019-05-19,/goutongjiaoliu/113456/113469/3830109/index.html
2019年第一季度中国货币政策执行报告,2019-05-17,/goutongjiaoliu/113456/113469/3829980/index.html
2019年4月份金融市场运行情况,2019-05-17,/goutongjiaoliu/113456/113469/3829504/index.html
中国人民银行公告〔2019〕第7号,2019-05-17,/goutongjiaoliu/113456/113469/3829140/index.html
聚焦脱贫攻坚 优化资源配置 切实做好今明两年金融精准扶贫工作,2019-05-15,/goutongjiaoliu/113456/113469/3827889/index.html
中国人民银行在香港成功发行200亿元人民币央行票据,2019-05-15,/goutongjiaoliu/113456/113469/3827506/index.html
中国人民银行行长易纲出席国际清算银行行长例会,2019-05-14,/goutongjiaoliu/113456/113469/3824879/index.html
中国人民银行关于支持绿色金融改革创新试验区发行绿色债务融资工具的通知,2019-05-13,/goutongjiaoliu/113456/113469/3824914/index.html
中国人民银行与新加坡金融管理局续签双边本币互换协议,2019-05-13,/goutongjiaoliu/113456/113469/3824319/index.html
郭树清会见彼得森国际经济研究所所长珀森一行,2019-05-12,/goutongjiaoliu/113456/113469/3824231/index.html
中国人民银行副行长陈雨露出席第28届欧洲复兴开发银行年会,2019-05-10,/goutongjiaoliu/113456/113469/3823690/index.html
2019年4月金融统计数据报告,2019-05-09,/goutongjiaoliu/113456/113469/3822728/index.html
2019年4月社会融资规模存量统计数据报告,2019-05-09,/goutongjiaoliu/113456/113469/3822731/index.html
2019年4月社会融资规模增量统计数据报告,2019-05-09,/goutongjiaoliu/113456/113469/3822734/index.html
中国人民银行副行长陈雨露出席巴黎论坛,2019-05-08,/goutongjiaoliu/113456/113469/3822696/index.html
中国人民银行有关负责人表示：建立对中小银行实行较低存款准备金率的政策框...,2019-05-06,/goutongjiaoliu/113456/113469/3821281/index.html
2019年一季度地区社会融资规模增量统计表,2019-05-06,/goutongjiaoliu/113456/113469/3820653/index.html
中国人民银行决定从2019年5月15日开始对中小银行实行较低存款准备金率,2019-05-06,/goutongjiaoliu/113456/113469/3820253/index.html
中国人民银行副行长陈雨露出席第22届东盟与中日韩财长与央行行长会,2019-05-02,/goutongjiaoliu/113456/113469/3819702/index.html
范一飞副行长赴陕西调研金融扶贫与支付助力乡村振兴工作,2019-04-30,/goutongjiaoliu/113456/113469/3819505/index.html
中国人民银行与乌拉圭央行签署合作备忘录,2019-04-29,/goutongjiaoliu/113456/113469/3817579/index.html
中国人民银行就发行2019年版第五套人民币50元、20元、10元、1元纸币及1元、...,2019-04-29,/goutongjiaoliu/113456/113469/3817129/index.html
中国人民银行公告〔2019〕第4号,2019-04-29,/goutongjiaoliu/113456/113469/3817029/index.html
把握形势机遇 努力担当作为 推动实施人民银行会计财务科学发展战略,2019-04-26,/goutongjiaoliu/113456/113469/3816249/index.html
中国人民银行公告〔2019〕第5号,2019-04-26,/goutongjiaoliu/113456/113469/3816071/index.html
国新办举行降低小微企业融资成本政策例行吹风会,2019-04-26,/goutongjiaoliu/113456/113469/3815785/index.html
2019年一季度金融机构贷款投向统计报告,2019-04-26,/goutongjiaoliu/113456/113469/3815987/index.html
中国人民银行副行长朱鹤新出席“一带一路”中捷金融合作午餐会,2019-04-26,/goutongjiaoliu/113456/113469/3815747/index.html
以绿色金融打造绿色“一带一路”,2019-04-26,/goutongjiaoliu/113456/113469/3815542/index.html
通过第三方合作实现“1+1+1>3”,2019-04-25,/goutongjiaoliu/113456/113469/3815484/index.html
加强能力建设完善“一带一路”资金融通软环境,2019-04-25,/goutongjiaoliu/113456/113469/3815480/index.html
中国人民银行行长易纲会见英国财政大臣哈蒙德,2019-04-25,/goutongjiaoliu/113456/113469/3815200/index.html
中国人民银行副行长陈雨露出席《“一带一路”绿色投资原则》签署仪式,2019-04-25,/goutongjiaoliu/113456/113469/3815459/index.html
中国人民银行副行长陈雨露会见欧洲复兴开发银行秘书长恩佐・库阿托奇奥奇,2019-04-25,/goutongjiaoliu/113456/113469/3815197/index.html
中国人民银行行长易纲会见淡马锡首席执行长何晶,2019-04-25,/goutongjiaoliu/113456/113469/3815194/index.html
2019年一季度小额贷款公司统计数据报告,2019-04-25,/goutongjiaoliu/113456/113469/3815188/index.html
人民银行召开2019年调查统计工作会议,2019-04-25,/goutongjiaoliu/113456/113469/3815251/index.html
中国人民银行行长易纲会见阿斯塔纳国际金融中心（AIFC）总裁克里姆别托夫,2019-04-25,/goutongjiaoliu/113456/113469/3815162/index.html
中国人民银行行长易纲会见国际金融协会总裁提姆・亚当斯,2019-04-25,/goutongjiaoliu/113456/113469/3815159/index.html
深化投融资合作，推动共建“一带一路”高质量发展,2019-04-25,/goutongjiaoliu/113456/113469/3815148/index.html
中国人民银行行长易纲会见匈牙利央行行长马托齐,2019-04-25,/goutongjiaoliu/113456/113469/3815115/index.html
中国人民银行-国际货币基金组织第七次联合研讨会在京召开,2019-04-24,/goutongjiaoliu/113456/113469/3815002/index.html
陈雨露副行长出席第二届“一带一路”银行家圆桌会,2019-04-24,/goutongjiaoliu/113456/113469/3814999/index.html
中国人民银行行长易纲会见新开发银行行长卡马特,2019-04-24,/goutongjiaoliu/113456/113469/3814996/index.html
中国人民银行行长易纲会见瑞士联邦主席兼财政部部长毛雷尔,2019-04-24,/goutongjiaoliu/113456/113469/3814819/index.html
人民币海外基金业务顺利启航,2019-04-24,/goutongjiaoliu/113456/113469/3814756/index.html
陈雨露副行长会见非洲开发银行高级副行长查尔斯・博马,2019-04-24,/goutongjiaoliu/113456/113469/3814223/index.html
中国人民银行行长易纲会见国际货币基金组织总裁拉加德,2019-04-24,/goutongjiaoliu/113456/113469/3814153/index.html
中国人民银行开展2019年二季度定向中期借贷便利操作,2019-04-24,/goutongjiaoliu/113456/113469/3813825/index.html
全国金融系统脱贫攻坚专项巡视整改电视电话会议在京召开,2019-04-22,/goutongjiaoliu/113456/113469/3812651/index.html
中国人民银行征信中心有关负责人就征信系统建设相关问题答记者问,2019-04-22,/goutongjiaoliu/113456/113469/3811137/index.html
顺应新形势 迎接新挑战 谱写新篇章,2019-04-18,/goutongjiaoliu/113456/113469/3810597/index.html
金融行动特别工作组公布中国反洗钱和反恐怖融资互评估报告,2019-04-18,/goutongjiaoliu/113456/113469/3809727/index.html
2019年3月份金融市场运行情况,2019-04-16,/goutongjiaoliu/113456/113469/3809470/index.html
中国人民银行公告〔2019〕第3号,2019-04-16,/goutongjiaoliu/113456/113469/3809353/index.html
中国人民银行货币政策委员会召开2019年第一季度例会,2019-04-15,/goutongjiaoliu/113456/113469/3808002/index.html
姚期智院士做客人民银行“金融科技大讲堂”,2019-04-15,/goutongjiaoliu/113456/113469/3808006/index.html
中国人民银行副行长陈雨露出席第39届国际货币与金融委员会会议,2019-04-14,/goutongjiaoliu/113456/113469/3807109/index.html
陈雨露副行长在国际货币基金组织/世界银行春会期间参加双边会见,2019-04-14,/goutongjiaoliu/113456/113469/3807106/index.html
陈雨露副行长出席二十国集团财长和央行行长会,2019-04-13,/goutongjiaoliu/113456/113469/3807073/index.html
人民银行党委、外汇局党组召开巡视工作会议暨2019年巡视动员部署电视电话会...,2019-04-12,/goutongjiaoliu/113456/113469/3806747/index.html
2019年一季度金融统计数据报告,2019-04-12,/goutongjiaoliu/113456/113469/3806596/index.html
2019年3月末社会融资规模存量统计数据报告,2019-04-12,/goutongjiaoliu/113456/113469/3806591/index.html
2019年一季度社会融资规模增量统计数据报告,2019-04-12,/goutongjiaoliu/113456/113469/3806580/index.html
2018年末金融业机构总资产294万亿元,2019-04-12,/goutongjiaoliu/113456/113469/3806559/index.html
陈雨露副行长出席金砖国家财长和央行行长会议,2019-04-12,/goutongjiaoliu/113456/113469/3806602/index.html
站在新的历史起点 全面推进中国反洗钱事业,2019-04-12,/goutongjiaoliu/113456/113469/3806661/index.html
人民银行召开2019年研究工作会议,2019-04-10,/goutongjiaoliu/113456/113469/3805577/index.html
中国人民银行行长易纲会见旧金山联储行长Mary Daly,2019-04-09,/goutongjiaoliu/113456/113469/3805161/index.html
2019年人民银行工会工作会议召开,2019-04-04,/goutongjiaoliu/113456/113469/3803142/index.html
潘功胜副行长会见富时罗素全球首席执行官Waqas Samad,2019-04-03,/goutongjiaoliu/113456/113469/3802550/index.html
人民银行召开2019年青年工作会议,2019-04-03,/goutongjiaoliu/113456/113469/3801152/index.html
2018年农村地区支付业务发展总体情况,2019-04-02,/goutongjiaoliu/113456/113469/3798541/index.html
紧扣八字方针 坚守为民理念 努力推动支付产业高质量发展,2019-03-29,/goutongjiaoliu/113456/113469/3797109/index.html
中国人民银行有关负责人就《中国人民银行关于进一步加强支付结算管理 防范电...,2019-03-28,/goutongjiaoliu/113456/113469/3795599/index.html
继续扩大金融业开放 推动经济高质量发展,2019-03-24,/goutongjiaoliu/113456/113469/3792841/index.html
人民银行召开2019年征信工作电视电话会议,2019-03-22,/goutongjiaoliu/113456/113469/3792687/index.html
2019年第一季度企业家问卷调查报告,2019-03-22,/goutongjiaoliu/113456/113469/3792347/index.html
2019年第一季度银行家问卷调查报告,2019-03-22,/goutongjiaoliu/113456/113469/3792340/index.html
2019年第一季度城镇储户问卷调查报告,2019-03-22,/goutongjiaoliu/113456/113469/3792352/index.html
人民银行召开2019年全国国库工作电视电话会议,2019-03-21,/goutongjiaoliu/113456/113469/3791394/index.html
2019年2月份金融市场运行情况,2019-03-18,/goutongjiaoliu/113456/113469/3788559/index.html
2018年支付体系运行总体情况,2019-03-18,/goutongjiaoliu/113456/113469/3787878/index.html
2018年第四季度支付体系运行总体情况,2019-03-18,/goutongjiaoliu/113456/113469/3787884/index.html
人民银行党委、外汇局党组理论学习中心组专题深入学习贯彻习近平总书记在中...,2019-03-14,/goutongjiaoliu/113456/113469/3786032/index.html
中国人民银行党委书记、副行长郭树清出席国际清算银行行长例会,2019-03-12,/goutongjiaoliu/113456/113469/3784580/index.html
2019年2月份金融数据解读,2019-03-11,/goutongjiaoliu/113456/113469/3782099/index.html
人民银行相关部门负责人就2月份主要金融数据答《金融时报》记者问,2019-03-11,/goutongjiaoliu/113456/113469/3782070/index.html
中国人民银行行长易纲等就“金融改革与发展”答记者问,2019-03-10,/goutongjiaoliu/113456/113469/3782042/index.html
2019年2月金融统计数据报告,2019-03-10,/goutongjiaoliu/113456/113469/3781965/index.html
2019年2月社会融资规模存量统计数据报告,2019-03-10,/goutongjiaoliu/113456/113469/3781968/index.html
2019年2月社会融资规模增量统计数据报告,2019-03-10,/goutongjiaoliu/113456/113469/3781971/index.html
中国人民银行金融科技（FinTech）委员会召开2019年第一次会议,2019-03-08,/goutongjiaoliu/113456/113469/3781959/index.html
2018年中国货币政策大事记,2019-03-01,/goutongjiaoliu/113456/113469/3776718/index.html
人民银行召开2019年金融消费权益保护工作会议,2019-03-01,/goutongjiaoliu/113456/113469/3776043/index.html
中国人民银行行长易纲会见罗马尼亚央行行长伊瑟雷斯库,2019-03-01,/goutongjiaoliu/113456/113469/3775715/index.html
强化底线思维和风险意识 坚决打好防范化解重大金融风险攻坚战,2019-02-27,/goutongjiaoliu/113456/113469/3774324/index.html
《商业银行担保物基本信息描述规范》金融行业标准发布会在京召开,2019-02-27,/goutongjiaoliu/113456/113469/3774420/index.html
砥砺奋进 开拓创新 全面做好2019年金融市场和信贷政策工作,2019-02-26,/goutongjiaoliu/113456/113469/3773037/index.html
中国代表团出席在法国巴黎召开的金融行动特别工作组第三十届第二次全会,2019-02-23,/goutongjiaoliu/113456/113469/3770193/index.html
凝心聚力 攻坚克难 推动货币金银工作迈上新征程,2019-02-22,/goutongjiaoliu/113456/113469/3769373/index.html
2018年第四季度中国货币政策执行报告,2019-02-21,/goutongjiaoliu/113456/113469/3768943/index.html
2019年1月份金融市场运行情况,2019-02-21,/goutongjiaoliu/113456/113469/3768562/index.html
创新方式方法 提升办理质效 人民银行圆满完成2018年“两会”建议提案办理工...,2019-02-20,/goutongjiaoliu/113456/113469/3767858/index.html
中国人民银行开展首次央行票据互换（CBS）操作,2019-02-20,/goutongjiaoliu/113456/113469/3767774/index.html
人民银行、外汇局召开纪检监察工作会议 深入学习贯彻习近平总书记重要讲话和...,2019-02-19,/goutongjiaoliu/113456/113469/3766715/index.html
2019年1月份金融统计数据解读吹风会实录,2019-02-15,/goutongjiaoliu/113456/113469/3764898/index.html
2019年1月金融统计数据报告,2019-02-15,/goutongjiaoliu/113456/113469/3764684/index.html
2019年1月社会融资规模存量统计数据报告,2019-02-15,/goutongjiaoliu/113456/113469/3764689/index.html
2019年1月社会融资规模增量统计数据报告,2019-02-15,/goutongjiaoliu/113456/113469/3764692/index.html
情暖基层 汇聚力量,2019-02-13,/goutongjiaoliu/113456/113469/3763845/index.html
中国人民银行在香港成功发行200亿元人民币央行票据,2019-02-13,/goutongjiaoliu/113456/113469/3763426/index.html
中国人民银行公告〔2019〕第2号,2019-02-12,/goutongjiaoliu/113456/113469/3763199/index.html
中国人民银行党委书记、副行长郭树清出席国际清算银行香港特别行长会,2019-02-12,/goutongjiaoliu/113456/113469/3762744/index.html
人民银行、银保监会、证监会、财政部、农业农村部联合发布《关于金融服务乡...,2019-02-11,/goutongjiaoliu/113456/113469/3761845/index.html
2018年地区社会融资规模增量统计表,2019-02-02,/goutongjiaoliu/113456/113469/3760517/index.html
中国人民银行党委书记郭树清到中国银行间市场交易商协会、国家外汇管理局中...,2019-02-02,/goutongjiaoliu/113456/113469/3760058/index.html
金融市场对外开放取得新进展：中国债券正式纳入彭博巴克莱债券指数,2019-01-31,/goutongjiaoliu/113456/113469/3758415/index.html
美国标普全球公司获准进入中国信用评级市场,2019-01-28,/goutongjiaoliu/113456/113469/3753780/index.html
中国银行成功发行首单无固定期限资本债券,2019-01-25,/goutongjiaoliu/113456/113469/3753088/index.html
中国人民银行开展普惠金融定向降准动态考核,2019-01-25,/goutongjiaoliu/113456/113469/3752926/index.html
2018年金融机构贷款投向统计报告,2019-01-25,/goutongjiaoliu/113456/113469/3752832/index.html
2018年小额贷款公司统计数据报告,2019-01-25,/goutongjiaoliu/113456/113469/3752847/index.html
2018年金融市场运行情况,2019-01-25,/goutongjiaoliu/113456/113469/3752805/index.html
中国人民银行有关负责人就创设央行票据互换工具答记者问,2019-01-24,/goutongjiaoliu/113456/113469/3752457/index.html
中国人民银行决定创设央行票据互换工具 为银行发行永续债提供流动性支持,2019-01-24,/goutongjiaoliu/113456/113469/3752454/index.html
中国人民银行开展2019年一季度定向中期借贷便利操作,2019-01-23,/goutongjiaoliu/113456/113469/3751226/index.html
