这个就是害人精，它一涨，中小创一地鸡毛！,316,0,08-08 11:27
公布的7月经济数据都好，唯独股市下跌对着干，这到底,463,0,08-08 11:18
50就是上海指数的老子，,560,0,08-08 11:12
又奔着3000支股票下跌去了，这是个什么辣鸡市场啊？,293,0,08-08 11:05
"A哥一点不好玩了,去搞期了",495,0,08-08 10:59
能否雄起，持续坚挺呢？软绵绵的，看着没有什么精神！,378,0,08-08 10:52
你越跌股民越开心！,401,0,08-08 10:49
昨天大涨，今天来个火上浇油多好，先把信心恢复起来！,452,0,08-08 10:44
知道什么叫大坑了吧？涨一天然后跌几天来个-10%,490,0,08-08 10:32
新加坡50夜盘开始跌了,1155,2,08-08 10:29
烂透了,470,0,08-08 10:14
退潮了就会一潮浪底过一潮浪，2200或更底,402,0,08-08 09:45
来个高开就牛逼啦！加油50。,298,0,08-08 09:18
“特困免费送药”、“买三送二”等慈善活动，不让一位,2091,2,08-08 06:25
养老目标基金谁来买？买了以后聚积钱用来炒股，盈了还,685,2,08-07 22:11
专家：房产税出台的时机已基本成熟 目前正在细化和完,1380,2,08-07 22:07
B,359,0,08-07 14:47
住建部召开房地产工作座谈会：楼市调控不力 坚决问责 ,437,0,08-07 14:40
这是报复性反弹啊！涨了好多,250,0,08-07 14:21
其实大盘已到底部，上证五十已走入上升通道。,1511,4,08-07 14:20
赤裸裸操纵指数，没量怎么上去怎么下来！,320,0,08-07 13:47
我们还是看表演吧！,289,0,08-07 13:42
司马昭之心，路人皆知。,142,0,08-07 13:41
只要50站稳5日线就可以大力发行新股了，然后大涨大发,386,0,08-07 13:27
"多头不出,涨死也不买,",367,0,08-07 13:27
马上开启杀跌模式,379,0,08-07 13:19
50拉开牛市的序幕，冲啊，向1万点进发…胜利一定属于,318,0,08-07 12:30
涨得可怕，,311,0,08-07 11:30
50干的漂亮,230,0,08-07 11:05
还有14天 美股将突破史上最长牛市：3543天！,441,0,08-07 10:45
50，你怎么如此的优秀[俏皮],316,0,08-07 10:43
继续来伤害呀，我要贡献点力量,373,0,08-07 10:35
第一步止跌很重要，恐慌必须遏制，信心必须提振，这是,525,2,08-07 10:30
"记住巴每到十点要跳水,化解方法,早上冲就要卖",341,0,08-07 10:27
只顾着拉上证50是带动不起人气的！必须拉起中证500.深,1202,2,08-07 10:23
50砸盘个股又开始闪崩呢！唉！,200,0,08-07 10:10
上50，你奶奶的,200,0,08-07 10:09
继续套路中,231,0,08-07 10:08
又开始跳水?,252,0,08-07 10:07
内容不删除，八九不离十！,306,0,08-07 09:59
今天中继，黑色星期四的大绿柱是不变的，这是A股定律,189,0,08-07 09:57
普涨时托市才事半功倍呢，50知道你是干嘛的吗？高走就,268,0,08-07 09:52
每天都是老乡别走的套路,236,0,08-07 09:00
你没起到稳定器的作用，相反，你成了搅屎棍。,1758,10,08-06 20:43
市场在下跌什么也免谈,329,0,08-06 20:38
医药 白酒 家电 保险 银行 去年的白马股还有的跌！,472,0,08-06 18:29
股灾时是有机构恶意做空，加上股指期货空单套利，事后,1162,1,08-06 18:22
股市完完，大卖A大买B,369,0,08-06 18:07
此时拉50指数就是发出错误信号，实际上连自己都不相信,1032,4,08-06 16:48
独权的市场真可怕！,330,0,08-06 15:38
50的力量还是没够啊。,518,1,08-06 15:06
50说我尽力了,313,0,08-06 15:03
可以交差了，我拉了，可是⋯！,501,0,08-06 14:49
地主家也没有余粮呀！,499,0,08-06 14:43
除了造假还会做什么啊！,548,0,08-06 14:39
快喝点茅台,579,0,08-06 14:38
亚太股市全面上涨！,1203,2,08-06 14:38
赶紧啦亲,441,0,08-06 14:37
三年大笑话，破2691吧，熊市正式开始！,618,0,08-06 14:34
50护盘啊，亲,489,0,08-06 14:34
拉伸呀，快来护盘吧，啦 啦 啦,499,0,08-06 14:29
问题越来越严重了？,692,2,08-06 14:29
指数真TM假，就疯狂拉上证50吧,346,0,08-06 14:21
天天拉高出货，砸尾盘，这是阴谋搞垮A股啊,302,0,08-06 14:18
再跌，A股就废废了,212,0,08-06 14:16
只服你，不扶墙,218,0,08-06 14:00
意思是跌可以，不允许暴跌，阴跌很理想。,236,0,08-06 13:47
房地产市场最新“黑名单”来了 全装修、刚需购房等成,625,0,08-06 13:46
再拉呀，搅屎棍,634,2,08-06 13:43
明天上证50暴跌,178,0,08-06 13:40
可笑:用开水救冰火,761,1,08-06 13:30
能力决定一切,287,0,08-06 13:25
你也不拉了，快跌吧。,239,0,08-06 13:17
又是3000多只下跌，继续雪上加霜吧！信心完全溃散了！,297,0,08-06 13:14
防控风险真的应该是机制而不是大话，呵护投资者利益真,321,0,08-06 12:57
50本来是调节指数节奏的，多年积累的风险集中释放，股,927,1,08-06 12:01
还敢拉券商股，一群骗子，中原证券评级C“大跳水” 连,491,0,08-06 11:42
个股山崩呢,352,0,08-06 11:26
11:30转绿就尴尬了,328,0,08-06 11:25
国内房地产市场调控政策的新动向：政府下决心，未来三,774,0,08-03 11:53
不管不顾IPO，拉权重撑面子，你说能好的了吗？三年都,316,0,08-06 11:14
大圣呢？,385,1,08-06 11:12
50指数早晚有一天会成为扶不起的阿斗！,267,0,08-06 11:07
跌吧,287,0,08-06 11:06
还是五菱牛逼挺住！,254,0,08-06 11:03
拉银行股是不明智，现在银行都在清理表外科目，过去很,321,0,08-06 10:52
秒射秒软好棒棒,215,0,08-06 10:48
贸易问题是贸易问题，不是金融能够解决的 ， 金融主要,310,0,08-06 10:48
50指数下跌趋势,188,0,08-06 10:45
不放量，按兵不动,181,0,08-06 10:35
没有中国散户的A股你想上涨有难度了,303,0,08-06 10:21
稳就业、稳金融、稳外贸、稳外资、稳投资、稳预期,786,1,08-06 10:16
请问砖家：是特拉普拉的50指数吗？,321,0,08-06 10:09
50威武。。。。,196,0,08-06 10:07
国家队，再拉一下指数让我先跑,224,0,08-06 10:03
哈，开盘就拉50，说明有人紧张了！,881,2,08-06 10:02
快点跌,256,0,08-06 10:02
贴子发不了来看看评论。,169,0,08-06 10:00
50一涨又完蛋,304,0,08-06 09:46
完了，推特又要嘲笑我们了！,265,0,08-06 09:40
天宇股份：2批输台缬沙坦原料药检出致癌物N-亚硝基二,319,0,08-06 07:42
这次调控加码，严管开发商，郑州明确房地产违规行为处,404,0,08-05 16:26
郑州出台新规严管开发商 涉及房地产的多达13条 城市经,346,0,08-05 16:20
本月股市跌的让你欲哭无泪，欲死无门。,228,0,08-05 16:19
无论碧桂园如何辩解，一个事实无法回避。 6月24日，碧,1095,0,08-05 16:09
500块差不多可以适量抄家伙搞搞,683,1,08-05 15:46
1600次卖房电话骚扰宁波120急救中心 依法处罚涉事企业,411,0,08-05 08:55
工信部带头，史上最严骚扰电话整治行动来了！ 2018-08,435,0,08-04 20:54
1600次卖房电话骚扰宁波120急救中心 依法处罚涉事企业,380,0,08-04 20:50
万科大周期均线闭合，，尼死定了，，，,203,0,08-04 10:47
哄抬房价“黑中介”捂盘惜售…… 扰乱房地产秩序行为,457,0,08-03 19:04
强烈要求国家按照散户入市资金赔偿损失，让散户们过上,637,1,08-03 17:15
该做出救市的姿态了，防止周末恐慌蔓延，有力提振投资,500,1,08-03 15:29
上证50  3天跌了154点  一点护盘成果没有  反而雪上加,549,0,08-03 15:24
无可救药了,489,0,08-03 15:11
国家队也不管了，不救50了,493,0,08-03 15:00
现在最需要的是提振信心，阻止恐慌蔓延。,488,1,08-03 14:42
怎么这么倒霉，每只股票都每天都跌四五个点，唉,163,0,08-03 14:37
还是2000多只在下跌，个股交投死水一潭，恐慌造成只出,668,1,08-03 14:35
会红[献花],175,0,08-03 14:25
放心晚上一个不会少,232,0,08-03 14:22
创业板破了股灾时的低点了，而创业板股票业绩比那时好,379,0,08-03 14:22
强烈要求50垃圾退市。,3693,32,08-03 14:15
老不让发帖有意思吗？,196,0,08-03 14:02
欢迎外资来华收购和控股上市公司，目前收购价以美元计,395,0,08-03 13:20
现在的发行制度造成连年熊市是太正常的了：IPO只流通2,1200,0,08-03 13:11
"一下一上,一下一上,一下一上,这样就弄到你残巴",413,0,08-03 13:07
投资者警钟长鸣，机构扎堆喝酒吃药，未来会通过信息途,2765,12,08-03 12:39
欢迎大家来50接盘，来大烂臭接盘，国家队手里货太多了,401,1,08-03 12:25
安徽六安的碧桂园工地发生重大安全事故，造成人员伤亡,867,0,08-03 11:36
又发生一起事故！碧桂园上海工地发生火灾 新浪 2018-0,2337,0,08-03 11:36
银行保险谁来接盘，国家队全卖给你！要多少有多少,271,0,08-03 11:31
时隔6天又出事故！碧桂园江苏启东工地发生火灾 2018-0,1073,0,08-03 11:26
利空 今年密集进入交房阶段，武汉、成都、南京等地频,408,0,08-03 11:19
新京报评碧桂园事故:谨防房地产高周转成脱缰野马 新浪,921,0,08-03 11:10
坚决不买所谓的大蓝筹和白马股，急死你这帮操纵股市的,3295,16,08-03 11:04
看来不用抱什么希望了！,514,0,08-03 10:34
再跌跌，崩盘了,449,0,08-03 10:12
今天周五，拉个红，晚上好发新股,217,0,08-03 10:07
看着怕，强迫自己买点0333,284,0,08-03 09:58
没量就是骗子！ 他吹完冲锋号走了。我们冲上去的死了,573,1,08-03 09:47
今天上涨了7分钟。,337,0,08-03 09:40
在全国去杠杆的前提下，资本市场的融资融券动向，机构,398,0,08-03 07:31
长沙两部门联合发文：严打非法中介违规提取住房公积金,367,1,08-03 07:30
央行再开5张罚单！银行券商保险都因反洗钱中招 浦发行,3340,1,08-03 07:30
利空 多地上调房贷利率 有地方首套房利率上浮50% 中证,592,1,08-03 07:30
富德生命人寿旗下子公司陆续出现资金“问题”，其自身,427,1,08-03 07:26
三家险企偿付能力跌破红线，金地集团股东富德生命人寿,837,1,08-03 07:26
上证50季K线要进入牛市 现在调整。2019年全面大牛市。,1233,0,08-02 22:18
有什么是值钱，都是泡沫，没有价值的市场，假的东西一,309,0,08-02 22:10
难道股灾又来了,700,2,08-02 21:47
再不救市真就大面积恐慌了！,414,0,08-02 20:44
省食药监局：抽检公告45度白酒只有30多度 酒厂被罚款 ,1404,2,08-02 16:52
股民：房地产害死实体经济，长生不懂搞好疫苗，就懂买,529,0,08-02 16:07
连续二天，上头吹的是冲锋号，下头干的是溜号！ 跌下,599,1,08-02 14:58
贵州茅台这只股散户可以忽略掉，也没必要去诋毁了，地,1012,0,08-02 07:27
湖北九部门联合治理房地产市场乱象!严格把“房住不炒,420,0,07-31 19:01
对炒房者说不，全域限购冰封楼市 海南不做房地产加工,563,0,07-31 18:57
开阳县市场监管局开展白酒专项执法检查，针对3家未及,483,0,07-30 23:09
欧洲药品管理局(EMA)的抽查结果显示， 华海药业 的缬,770,0,07-29 20:15
没有一点起色，下行趋势已打开，慢慢养德吧，没办法了,264,0,08-02 14:27
来呀！一起砸！谁眨眼谁孬种,409,0,08-02 14:12
首套房利率一涨再涨，房价持续下降，中国房子有价无市,917,0,08-02 14:08
坑了亿万善良的投资者！来个有智慧的吧！,242,0,08-02 13:27
股市垮了，实们也好不到那里去，外资也撤出去了……,197,0,08-02 13:26
别停，继续向下砸，我今天好下手买。,478,0,08-02 13:19
称人家不靠谱的家伙现在估计已经发贺电了,203,0,08-02 13:19
和股灾1.O相似,315,0,08-02 13:06
美丽坚发来贺电,309,0,08-02 12:59
住建部再公布一批违法违规45家房地产开发企业和中介机,638,0,08-02 12:21
股灾造成的恐慌和信心丧失是最可怕的，会导致市场的崩,343,0,08-02 12:02
持有房地产金地集团股本股东，行业大亏 富德生命人寿,305,0,08-02 11:57
持有房地产金地集团股东，行业大亏 富德生命人寿叫停,1780,0,08-02 11:50
投资大消费行业的机构小心了，商品打假，白酒，医药，,561,0,08-02 11:36
不要浪不要扛，让他自由跌！,228,0,08-02 11:18
360这种也他妈搞进50，不跌有俩法,217,0,08-02 11:13
什么情况？又连续下跌的这么狠[为什么][为什么],304,0,08-02 11:10
别托了，拖到最后变成了50绑架指数，放开让大盘跌透吧,250,0,08-02 11:06
远离股市吧！这三年来坑了多少人。,264,0,08-02 11:04
又拉狗比，中小创死了一片,209,0,08-02 10:56
Tmzg,311,0,08-02 10:47
上午不拉起来下午估计会更惨，真就彻底绝望了。,272,0,08-02 10:25
深情呼唤韭菜们一定要挺住。,159,0,08-02 10:17
感觉今天会拉上去,238,0,08-02 10:10
不吹了！,151,0,08-02 10:04
什么情况啊？放量暴跌？,219,0,08-02 10:02
太恐慌了！太恐怖了！中国股市怎么了？,198,0,08-02 09:57
八王之乱,204,0,08-02 09:57
警惕投资白酒医药，市场监管总局办公厅：加大打击制售,360,0,08-02 09:50
好一个稳中向上，防控进一步加强…………文章什么都敢,288,0,08-02 09:47
希望能通过呼吁，让全国投资者规避风险，茅台是好但是,315,0,08-02 09:38
市场有点慌乱,262,0,08-02 09:34
我觉得股市低一点风险更小呀，毕竟风险是涨出来的。A,439,0,08-02 09:33
死人翻船,481,0,08-02 09:32
股市真完犊子了！沦为辣鸡场了。,481,0,08-02 09:32
上证50中将会出现中国中车。,471,0,08-02 09:14
投资者能不能换一种想法，五年不去关注贵州茅台，让机,401,0,08-02 07:31
券商投行日子不好过：七成公司无米下锅  今年以来，接,1933,7,08-01 22:53
政治局定调、深圳火速调控！“房价永远涨”梦醒？地产,653,0,08-01 22:38
不要慌，蝌蚪底要来了,275,0,08-01 19:04
中国股市多么弱不经风啊？外围一有风吹草动就稀里哗啦,641,0,08-01 17:36
传媒有色两起利空 深交所就两起实控人股权遭司法冻结,561,0,08-01 16:10
有做AF50的吗？有的话请进来交流交流,1864,3,08-01 15:43
阿弥陀佛！上帝保佑！我大A股平安健康吧！[拜神][拜神,443,0,08-01 15:22
某队不走，牛市永远不见！,315,0,08-01 15:21
受外围大涨影响，我大A大跌。,354,0,08-01 15:10
你就是个累积，只有害人的50,232,0,08-01 15:01
痛快！！！嘁哩喀喳！！！,181,0,08-01 15:00
漂亮50哪里去了！,358,0,08-01 14:53
请开始你的表演,257,0,08-01 14:44
继续去杠杆，呵呵，直到爆仓、崩盘！,423,0,08-01 14:39
逆水行舟真可以！,375,0,08-01 14:38
50加油,259,0,08-01 14:36
真是没谁了！！！加油啊！,218,0,08-01 14:34
要你何用,256,0,08-01 14:33
艹泥马,238,0,08-01 14:32
一边交着税，一边被大棒伺候着。,221,0,08-01 14:31
漂亮！加油！！！,179,0,08-01 14:29
坚定看创业板还有新低的 报名,293,0,08-01 14:17
建议征收茅台的暴利税，拿这些钱开发高端芯片，大家支,16030,81,08-01 14:15
癌股有个逻辑了，只要每股涨，癌股就高开出货！这应该,665,3,08-01 14:13
中国股市谈什么技术？上证50，30分钟k线刚刚走好，马,417,1,08-01 14:12
下来吧，吃屎的,245,0,08-01 14:08
“或会有新的楼市调控措施，尤其是三四线城市” 今年,355,0,08-01 14:07
“房地产市场或会在调控高压下继续降温” “调控高压,350,0,08-01 14:06
央媒集中反应，强调“房住不炒” 8月1日零时刚过，人,674,0,08-01 14:05
我市进一步加强房地产市场调控，企事业单位购房全面叫,786,0,08-01 13:53
深圳：抵制通过离婚规避“深八条”限购、限贷政策投机,342,0,08-01 13:52
俺老孙来也！,301,0,08-01 13:48
我又来了！,268,0,08-01 13:47
价值投资价值投资假之头子,283,0,08-01 13:46
房地产税法草案最快年内审议 业内料草案将公开征意 新,286,0,08-01 13:46
幸福满满！！！,201,0,08-01 13:45
标准下楼梯！,166,0,08-01 13:45
又闷了一大锅！,303,0,08-01 13:44
不错呦！幸福,278,0,08-01 13:43
重磅 过去三年，安徽法院审结房地产 案件127087件 201,313,0,08-01 13:40
8月第一天股市给投资者脸子看！哈哈打脸吧！,254,0,08-01 13:33
房价上涨梦断。股市接捧。,307,0,08-01 09:20
投资人对于食品安全和医药要谨慎了一旦猫腻直接退市 ,322,0,07-29 11:26
今天单边下跌行情了,238,0,08-01 13:32
高位阴包阳，死翘翘了,161,0,08-01 13:30
万科 落实“房住不炒” 需调控措施跟进，未能实现调控,325,0,08-01 13:21
业内现代化经济，科技创新是最好的投资 高质量发展和,251,0,08-01 11:48
个人购房3年限售！ 深圳楼市打响个人限卖第一枪 ，五,670,0,08-01 11:40
得到感和幸福感，股市就这样配合，哈哈,464,1,08-01 11:37
下午会不会绝地反击,177,0,08-01 11:30
住建部点名20家房企、中介违规违法：保利地产、房天下,429,0,08-01 11:28
呵呵，哈哈，幸福,262,0,08-01 11:27
温水煮青蛙！,226,0,08-01 11:21
无节操,318,0,08-01 11:19
60日均线悬在头上！主动回撤了。,218,0,08-01 11:18
怎么了，主力军呢？庄呢？跑了！,207,0,08-01 11:13
"我算看明白上证50的作用了,大盘要跌的时候,拉一下,告",1125,0,08-01 11:09
2539，今天的最低点？,497,1,08-01 11:02
五城限制企业购房 专家称北京或跟进 08-01 06:36 证券,666,1,08-01 10:56
看我名字就是我的信念,275,0,08-01 10:54
国家队，关键时刻不能掉链子,465,1,08-01 10:49
大绿柱的未来！,290,0,08-01 10:41
到了60日均线压力位了。2570-2580，只有放量冲过去！,342,0,08-01 10:40
落实“房住不炒” 需配套措施跟进，未能实现调控目标,237,0,08-01 10:17
货币政策的定向宽松并不会给房价带来刺激，资金不允许,220,0,08-01 10:16
打击假离婚买房！深圳史上最严楼市调控新政出台 限购,306,0,08-01 10:07
又要兴风作浪,226,0,08-01 09:36
工信部表态将全面整治地产电话营销，房地产营销要告别,371,1,07-31 21:33
重磅！石家庄市曝光13个违法房地产项目，涉及多个楼盘,595,0,07-31 19:21
房住不炒，军令如山，未能实现调控目标坚决约谈问责 ,312,0,07-31 19:05
政治局会议：坚决遏制房价上涨，下决心解决好房地产市,363,0,07-31 18:48
深圳市发布楼市新政：暂停企事业单位在本市购买商品住,201,0,07-31 18:46
加油，50,389,1,07-31 14:59
又开始跳水了……,424,1,07-31 14:45
五穷、六绝、七蹬腿儿！癌股真可以[赞][赞][赞],289,0,07-31 14:38
多么漂亮的安排,149,0,07-31 14:35
这走势。像安排好的,257,0,07-31 14:30
这走势，明显,250,0,07-31 14:29
这几天的走势，充分反应，股市是某人家的,230,0,07-31 14:28
有意思吗？,162,0,07-31 14:04
射到天花板了。要被地球引力吸下来了……,209,0,07-31 13:50
刚准备涨，就往下砸！唉,181,0,07-31 13:41
拉50散户更不赚,253,0,07-31 13:37
贵州茅台每天换手率这样的，你认为有北上资金吗？有时,235,0,07-31 13:36
重磅 A股已有60多家公司被强制退市，对公众健康安全等,449,0,07-31 12:34
新华社：控地价是控房价的基础 土地市场更应抑制炒作 ,248,0,07-31 11:46
满满都是套，你认为白酒和房地产的这种换手率，你觉得,285,0,07-31 11:38
这样的走势，已经三天了三次了,291,0,07-31 11:20
唉！不让发正确言论,278,0,07-31 11:16
什么都不让说，不说能让头头们看到真实情况吗,242,0,07-31 11:10
又来操纵市场,299,0,07-31 10:44
加油，你是最棒的,340,0,07-31 10:42
投资人对券商、基金、期货、咨询机构进行投诉 投诉最,679,0,07-31 10:40
上证不回来创业板都好不了啊,294,0,07-31 10:34
华信证券被评定为D级 券商分类评级9年来最低纪录产生 ,1112,0,07-31 10:27
外围大跌，我大A受外围影响，今天正常调整[滴汗],236,0,07-31 10:27
这个市场还能操纵多久 今年市场不景气，众多投资人投,617,0,07-31 10:21
股市还有希望吗,496,1,07-31 10:19
不要脸的，傻逼怎么那么多,270,0,07-31 10:17
中国股市加油！上帝保佑！,594,1,07-31 10:03
你是祖国的骄傲！,296,0,07-31 10:00
把反弹的个股都砸下来了！牛！真牛！,466,0,07-31 09:54
太怪异了：个股普跌拉指数撑面子！个股反弹指数就砸盘,522,0,07-31 09:41
上证50永远多少,642,0,07-31 09:38
四川通报抽检9批次不合格食品 这5批白酒被检出了问题 ,1626,0,07-30 23:32
50怎样炒都可以，个股要跌，不能涨的是什么理论！,323,0,07-30 22:43
50大烂臭不跌透，股市难言底；茅台不跌停，开线不管用,3359,26,07-30 22:19
退市新政利空 投资者请规避结构性风险 凤凰新闻 原标,303,0,07-30 21:52
大三甲医院，拒绝新增中药、辅助用药！ 来源  赛柏蓝 ,683,0,07-30 21:37
创业板不涨，50没有办法只能涨来平衡。创业板大涨，50,206,0,07-30 21:17
大家放心，只要大家涨，50就会跌的惨。50也是有办法吸,319,0,07-30 21:15
上证50不下去，中国股市就不敢进。,1151,1,07-30 21:03
货币政策定向宽松不涉房？资金不允许进入房地产  07-3,420,0,07-30 20:52
谁能告诉我，谁在集中交易50。如果是政府，咱们就不用,672,1,07-30 19:33
接近3000只股票在下跌，你说指数红盘有个鸟用？畸形的,821,1,07-30 17:44
华海药业还在被操纵，大利空 国家卫健委：不得使用涉,263,0,07-30 16:32
上证50不死，才怪，都是鸡狗在玩，，散才不给你接盘呢,8567,48,07-30 15:33
上证50最后8分钟拉升1%,1145,1,07-30 15:17
所有股票普跌，指数尾盘强力拉红，都以为中国股市多牛,477,0,07-30 15:06
磨磨唧唧的浪费时间,251,0,07-30 14:57
为什么？,279,0,07-30 14:47
你不行就让一让，给年轻人吗，不让是你利益没得够？留,664,0,07-30 14:39
上证 基建 工程建设/严禁违规举债明确负面清单 万亿级,351,0,07-30 14:32
工程建设/严禁违规举债明确负面清单 万亿级政府购买服,285,0,07-30 14:13
就是狗比50 闹的,264,0,07-30 13:38
大盘涨了几天之后开始下跌，看似指数抬高了，可是再看,366,0,07-30 13:37
牛，有本事不要下来,168,0,07-30 13:34
上证50反弹的先锋,315,0,07-30 11:50
白酒业绩造假的核弹快爆,1322,1,07-30 11:26
飞流直下三尺,418,0,07-30 11:03
红的哦[大笑],501,1,07-30 11:03
彻底完蛋,447,0,07-30 11:01
看来是早上骗完钱 要跑啦,331,0,07-30 10:49
TMZG,231,0,07-30 10:36
50你慢点走啊慢点走！！！,352,0,07-30 10:01
送走了长生生物，又来了个华海药业，这就是机构的喝酒,1501,1,07-30 08:49
股价下跌后市场杠杆是变短了还是更长了？ 暴仓是因为,283,0,07-30 08:47
50，去死,463,1,07-29 15:04
两年半指数回到了起点而个股低于起点时20-50%！牛不牛,316,0,07-29 14:23
人民日报谈房地产征税：要把鹅毛拔下来 又不让鹅叫唤 ,852,0,07-29 14:17
证监会深夜再修退市新规 四类股面临大调整风险（食品,666,0,07-29 13:15
喝酒吃药监管更严，投资者要格外小心 证监会修改退市,357,1,07-29 11:36
食品安全，喝酒吃药板块要小心了，证监会加急修改退市,337,1,07-29 11:36
长生生物业绩毛利率非常好有退市可能，损害健康直接退,272,0,07-29 11:31
狗屎一样的上证50,541,1,07-29 10:27
狗屎50,343,1,07-29 10:27
酒！可以广告了？怎么说啊？中央台做广告了？可气！,196,0,07-28 23:01
国内股市操纵太厉害了，新经济创新公司齐聚香港交易所,418,0,07-28 11:44
当听到违约债务爆发、p2p跑路，可能想到的是委内瑞拉,458,0,07-28 09:41
深圳整顿通报：我市招商双玺、万科蛇口公馆、润府三期,507,0,07-28 07:41
深夜突发！证监会大修退市制度 退市矛头直指长生生物,281,0,07-28 07:31
自由公正的市场上涨下跌就有其合理的必然，上涨打压特,402,0,07-27 18:01
能力+责任=股市腾飞。看看三年来的熊样就知道一切了！,432,0,07-27 17:52
50后面还有2次拉升吗,391,0,07-27 15:38
这就是期货的走势！领教过期货的朋友就能看出来！套钱,643,0,07-27 15:15
人民的名义,552,1,07-27 14:59
多头攻了三次没攻上去，现在还来攻第四次[滴汗][不赞],279,0,07-27 14:30
反抗吧，还等什么,330,0,07-27 14:18
坚决要求废除sz50指数,253,0,07-27 14:12
彻底绝望！,362,0,07-27 14:12
这么多指数，各种各样，目的一个，混进去一个可以让机,450,0,07-27 14:07
中国好米 迪拜飘香——袁隆平海水稻团队在迪拜试种沙,1108,2,07-27 14:02
一切为了IPO,589,1,07-27 14:02
上证50的公司就是个屁,500,0,07-27 13:59
总得来说，我们就是韭菜，我们是圏养的猪！所以别挣扎,468,0,07-27 13:13
中央：房住不炒，军令如山，坚持调控目标不动摇 房住,706,1,07-27 13:07
股指被玩弄于股掌之间，游刃有余！,407,0,07-27 11:17
中央 严格把“房住不炒”落到实处——当前房地产市场,682,1,07-27 11:00
国家队愁着货给谁！,317,0,07-27 10:39
又强拉   越强拉后面跌的越狠,429,0,07-27 10:29
跟着50全在跳水，你牛[赞][赞][赞],342,0,07-27 10:00
目前暂时可以视为主动调整。,247,0,07-27 09:53
遍地绿油油，涨三天调两天，今天还不行那么下跌通道就,393,1,07-27 09:50
房地产税出台有望加速，专家们都怎么说？ 对于今天“2,360,0,07-27 07:35
地方财政亏空倒逼房地产税加速出台 房地产税的出台，,567,0,07-27 07:34
积极财政政策要更加积极，稳健货币政策要松紧适度，但,419,0,07-27 07:26
央行 结构性信用扩张：经营类贷款加快 房地产贷款严控,614,0,07-27 07:23
李大霄你可知道股市的规律，什么叫做做好人买好股，好,866,0,07-26 22:33
50出货太艰难，硬着头皮往上扛，股民皆知是个坑，只看,13115,46,07-26 22:30
百城住宅库存连跌35个月 三四线库存创10年新低 07-26 ,279,0,07-26 22:01
欧洲股市又大涨，可耻！,332,0,07-26 20:37
全国散户希望不要去接盘上证50，这些票散户没有筹码，,316,0,07-26 19:20
疯狂的指数,319,0,07-26 16:07
很好的一手牌，活活被气死。,251,0,07-26 16:03
纳斯达克再创新高，道琼斯和标普收复以来所有下跌失地,451,0,07-26 14:44
估计得换帅了！,419,1,07-26 14:36
带路桥的都涨停？！那就太疯狂了,227,0,07-26 14:33
你涨我亏钱，你跌我亏钱，别这么不要脸操作指数好吗？,904,2,07-26 13:35
50不死，千万别买,234,0,07-26 13:08
弱势反弹，第N浪下跌又要开始了，明天形成三连跌就正,373,0,07-26 11:31
要调整三天,290,0,07-26 10:56
一个创新高一个要崩盘，搞成这样。,248,0,07-26 10:54
涨的时候我涨不上去，跌的时候我是瞬间就下去了[亏大,260,0,07-26 10:32
深圳房贷利率全线上调：首套房上浮15%，二套房上浮20%,727,0,07-26 08:09
证监会派出机构首次对评估机构开罚单，对中介机构严查,743,0,07-26 08:07
中信证券关于贝莱德路演问题汇总 7月份以来，A股市场,1095,0,07-26 07:18
上证再次进入整理期,557,0,07-25 22:04
嫖亮50没人嫖！,486,0,07-25 21:36
完美的卡住点位 明天继续开始走熊。,703,0,07-25 17:13
垃圾，万恶的50！涨也毁股市，跌也毁股市。,459,1,07-25 15:44
米国有标普500俺们有上证50,460,0,07-25 15:09
挑战60日均线了！,530,0,07-25 11:00
重磅 下半年“改革”成为新动能发展关键词 毕马威：投,461,0,07-23 09:27
真是坑，股民快来？！,354,0,07-30 07:44
赚钱的还不跑，明天就来个低开,361,0,07-25 14:54
天气太热了，跳个水跳个水！,372,0,07-25 14:50
两桶油死拉！今天50就靠两桶油撑着在，能持续吗？显然,628,2,07-25 13:22
中国股票是不是说好的，一点一分我的所有票都闪跌？,359,0,07-25 13:05
缺口必补,532,0,07-25 10:34
落袋为安,337,0,07-25 09:53
不要太贪,394,0,07-25 09:52
该收割了,391,0,07-25 09:49
中国的信贷规模不断攀升，很大一部分取决于房地产，绝,571,0,07-25 07:36
为何今天50ETF是缩量上涨的，而上涨50指数却是放量上,964,0,07-24 20:25
喝酒吃药！有病的过去式！,340,0,07-24 20:22
芯片板块再度升温 半年报预增股受捧 　　7月以来，尽,766,0,07-24 13:30
继续碧空，有种碧到5000点,480,0,07-24 12:55
统计一下今天有多少韭菜进去了。,510,0,07-24 11:26
继续拉，等着下个月5千亿,638,0,07-24 10:58
上证50下跌的急先锋！上涨的绊脚石,862,4,07-24 10:53
涨指数不涨个股 完全为了诱多,541,1,07-24 10:50
疯狂时刻！！！,634,0,07-24 10:44
只有50在自娱自乐！,725,1,07-24 10:15
上证，，3680.鬼门关，，一考验央妈奶水，，丰盈度，,394,0,07-24 10:09
这么走，有点儿懵，又回基建老路上了？,392,0,07-24 10:08
半年来，第一次出现DK买点,370,0,07-24 10:06
看起来真的很漂亮,409,0,07-24 10:04
疯了吧？一大早死啦！,410,0,07-24 09:57
转型遇到了很大困难！归根结底必须让散户买单！,324,0,07-24 09:56
拉得这么急，留下来几天怎么办,431,0,07-24 09:56
07/24短底成型，回调介入.,537,0,07-24 09:54
牛，个股普跌，银行等权重大涨，面子真好看，畸形快到,407,0,07-24 09:49
警示希望李大霄能够尊重中国的科技，有时候我在想，为,1004,1,07-24 09:48
拉的个股大跌,398,0,07-24 09:44
托举运动,501,1,07-24 09:39
食药监局:大庆市开展白酒安全专项整治 保证市民“酒杯,484,0,07-23 18:23
长生生物众人转载，希望中国证监会严查抗癌药，疫苗和,509,0,07-23 16:48
中国经济时报:房产税或因地方推动而加快立法进程 中国,803,2,07-23 14:36
再拉一拔,452,0,07-23 14:02
我去，看见的指数莫非假的,816,2,07-23 13:35
5O害人伐,405,0,07-23 13:23
又来了。,292,0,07-23 13:20
这么拉，没人查？,374,0,07-23 13:11
50一涨千股爬下,396,0,07-23 13:11
真是无奈！一拉个股就被吸血，一跌个股就受影响！永恒,495,0,07-23 12:10
真是独单，,433,0,07-23 11:37
一猜就知道是你作祟,376,0,07-23 11:33
没点团结，活该赔钱,368,0,07-23 11:10
又是50拉后退，股市被期货操控,566,1,07-23 11:10
都别玩了，该干啥干啥去！,325,0,07-23 10:16
除非是明明白白的利好，研究出来的利好都不是利好！这,428,0,07-23 10:16
刚说彻查，马上宣布停牌，居然还批了，你说这是什么制,978,1,07-23 10:10
太垃圾了，什么股市,424,0,07-23 09:52
周末银行股面临四大利空，央行放水被误读，央行：银行,1212,1,07-22 22:39
银行股暴涨，原来是一场自救，高管自掏腰包 A股近六成,519,0,07-22 18:49
放弃房地产 一家房地产企业转型集成电路制造 万业集团,396,0,07-22 09:09
真的见底反弹？别想多了，今天只是中农工建招五大银行,1326,2,07-21 22:48
银行股最后的狂欢，将会留下一地鸡毛,674,2,07-21 13:27
银行股暴涨属闹剧，机构券商很会利用机会，市场更加泛,556,0,07-21 10:03
国产替代：航发、减速器、网安、军工新材料必将接棒软,1346,2,07-21 08:19
还是那句话，50不死，股难未已,561,1,07-20 22:04
地产大利空，暴涨，我知道了，拉升，机构才能更好的出,670,0,07-20 17:48
央行警示风险  房地产企业资产负债率居高不下  来源：,1537,0,07-20 17:38
狂拉这个有用吗?无耻!,1118,2,07-20 16:01
拉票票50 算不算操纵市场 操纵指数啊 肯定不算 因为是,1239,1,07-20 15:01
下周千万别发新股，今天反弹了趁热打铁股市和信心还有,359,0,07-20 15:01
，狂拉这个有用吗？,642,1,07-20 14:45
要不断的拉升，散户才会接盘，机构才有机会出货 房地,1069,1,07-20 14:39
出什么利好消息了吗？怎么涨这么多？,1230,2,07-20 14:37
三个月减持5% 宝能系五个资管计划清仓万科 来源：上海,711,0,07-20 14:26
又来拉指数,215,0,07-20 14:02
狗养的，涨停吧！,261,0,07-20 14:00
房地产企业资产负债率居高不下 央行警示风险 来源：中,773,0,07-20 14:00
无量空涨快速拉升，谁来说说是好是坏？,1528,2,07-20 13:59
开始赚指楼的不赚钱的节奏！,145,0,07-20 13:59
真是豁出去了！不过了！,124,0,07-20 13:57
太可怕了,266,0,07-20 13:54
莲都不要了,149,0,07-20 13:52
下星期可以发行大盘股了,356,0,07-20 13:47
这个傻瓜发挥啦会不会是假的,291,0,07-20 13:47
上涨IpO继续,108,0,07-20 13:39
今天拉一根，下周又可以跌5天了，[不赞],238,0,07-20 13:38
还是50牛B！！！,157,0,07-20 13:34
狗养的,276,0,07-20 13:33
应该调整～上证50的权重系数，削减至少1/3系数！这也,621,2,07-20 13:27
股指期货控制上证50控制大盘,291,0,07-20 13:23
50就是夕阳指数！一些思想夕阳人士推出的夕阳股做指数,457,2,07-20 11:43
六连阴，大烂臭寻底之路开启。,722,0,07-20 11:36
真是要唱抖音那首：没得救啦！救吾到啦！,520,0,07-20 11:33
人民币要破6.8了呀,304,0,07-20 11:22
估计本周应该暂停IPO了，没有一点实质的呵护股灾会进,877,3,07-20 11:21
这左右大盘的凶手,416,0,07-20 11:17
50就是夕阳指数！夕阳思想人士推出的夕阳股,443,0,07-20 11:03
分时线这造型太难看[大便],348,0,07-20 11:03
希望在哪里！,113,0,07-20 10:57
"五连阴不好看，拉50今天必翻红，接着发新股呀！TMZG,Q",251,0,07-20 10:36
说好的价值投资呢,240,0,07-20 09:57
50，误………… 大中华,403,2,07-20 09:54
欧州涨跌不一，美股目前小跌，明天又有理由了！拭目以,351,0,07-19 23:45
和3月23那天好像[哭],216,0,07-19 18:12
这不是幻觉，搞不好N年以后会是这样[怒],433,0,07-19 15:19
关了算了，不断倒退的市场还有存在意义吗？,291,0,07-19 15:00
股市已死！别抱幻想！,172,0,07-19 14:42
冲一冲套一批,291,0,07-19 14:33
手里拿着四个3一个8，轮到他出牌了，他三个3带一个8，,552,1,07-19 14:18
终于绿了,252,0,07-19 14:17
拉着50装逼,280,0,07-19 14:03
顶住！今天，明天可大卖！,189,0,07-19 13:53
拉吧,170,0,07-19 13:50
上证50不死，上证综指不起,545,2,07-19 13:38
上证50也扛不住了,191,0,07-19 13:38
谁能说明白三年来为什么股市搞成今天这个样子了？？？,861,1,07-19 13:09
最可怕的是一次次被他们骗！,428,0,07-19 13:07
真是不要脸了,358,0,07-19 13:01
国家队不拉的话1500点,508,1,07-19 12:18
他居然是红的，操了,427,0,07-19 12:08
狗比东西,453,0,07-19 11:30
涨一天跌一周，伟大的股市！加油,602,0,07-19 11:27
你B稳中有进,437,0,07-19 11:23
这下不敢说人无扁鸡了,228,0,07-19 11:19
拎着酒瓶闯天涯！！牛,211,0,07-19 11:17
到底是什么大鳄做空了50,646,1,07-19 11:09
个股又普跌呢,337,0,07-19 11:07
我们永远不会买50指数股,307,0,07-19 10:57
这波贬值显然更快,273,0,07-19 10:46
全球第一烂,350,0,07-19 10:34
限价令，房地产调控不耍嘴皮子，敢涨就查 中财网07-17,412,0,07-19 10:34
看好房地产的投资人，我们希望你们能够买多套房静等房,288,0,07-19 10:34
重磅  房地产税来临 中国房地产的投资价值将消耗殆尽,473,0,07-19 10:33
重要信息 房地产税来临 中国房地产的投资价值将消耗殆,776,0,07-19 10:32
上证50，别折腾，休息也是一种福报,268,0,07-19 10:31
欧美股市又大涨风险越来越大！中国股市三年跌风险越来,458,1,07-19 10:28
牛逼,444,1,07-19 10:21
谁会做空50的指数，求教，干，哥也来,440,0,07-19 10:18
你一涨吓得创业板跳水,168,0,07-19 10:15
上证50，沪深300再拉指数，也改变不了下跌的趋势，只,364,0,07-19 09:59
独自高歌,312,0,07-19 09:57
快点爆啦几下，然后一泻千里,265,0,07-19 09:43
高开低走？,331,1,07-19 09:40
就服你，想涨你就拉跌,126,0,07-19 09:40
什么鬼东西,242,0,07-19 09:38
[图片],236,0,07-19 09:27
这什么情况？？？？,140,0,07-19 09:27
爱祖国,786,7,07-19 00:49
活的好累，.毫无意义！,527,1,07-18 15:55
GRD上证50 要么带头砸盘跌   要么先拉升再回落砸盘   ,283,0,07-18 15:36
致砖家： 趋势的力量是强大的，以50为代表的权重股，K,23505,45,07-18 15:35
为什么要弄个万恶的50！,1890,4,07-18 15:27
股市真的烂到家了,204,0,07-18 15:25
50指数1700点才安全，呵呵,507,2,07-18 15:02
股市这熊样根本没增量资金想进来，你进来我就打压套住,1317,4,07-18 15:00
中国股市和中国足球一样，风靡全球,216,0,07-18 14:56
要死了，跌跌不休,181,0,07-18 14:53
无路可走，怎么办？,168,0,07-18 14:49
汇率要破6.75了！,209,0,07-18 14:29
狗屎,101,0,07-18 14:26
神奇的两点半，可以入选世界奇葩记录大全了,213,0,07-18 14:23
说砸咱就砸啊，上证50真叫牛,232,0,07-18 14:20
中国股市一个大写的服字,259,0,07-18 14:13
50绑架了大盘,520,0,07-18 14:12
威武，牛逼,142,0,07-18 14:02
打倒侵略者,534,1,07-16 23:53
去你娘的，扑街。,251,0,07-18 13:49
好像最近不让发言了,436,1,07-18 13:47
"还是下来了,",186,0,07-18 13:47
股汇双杀,178,0,07-18 13:45
败类，大削不是说你们最具投资价值吗？怎跌这逼样？？,192,0,07-18 13:43
独自高歌,200,0,07-18 11:54
请看看恒生电子官网三张图一一一恒生电子先人一步，闷,358,0,07-18 10:54
拉50吧个股下跌，不拉50吧所有股票普跌，恶性循环了。,256,0,07-18 10:45
吃那,124,0,07-18 10:35
纳指又创新高了 跟玩儿一样！咱A股呢？上涨亚历山大.,1015,2,07-18 10:20
50疯了，只顾做空,287,0,07-18 10:02
乡亲们，你们不要走，留下来的都有重赏。,184,0,07-18 09:45
国企改革刺激高开，不要虎头蛇尾！,185,0,07-18 09:27
代表中国方向、中国根基的蓝筹企业，经济向好，你们为,819,1,07-17 17:33
个股又闪崩呢，什么辣鸡市场啊！绝望,543,1,07-17 17:21
没有韭菜的行情！韭菜多了自然就涨了！谁都不愿当韭菜,209,0,07-17 14:51
2438？还有一波！,342,0,07-17 14:26
这么饭桶的的团队,142,0,07-17 14:20
上证50威武,128,0,07-17 14:07
2425已破，2409必然要考验了，估计要去2350一带。差了,344,0,07-17 13:44
全世界都是买涨不买跌。欧美日本都是新高。中国却趴在,675,1,07-17 13:38
2438？,241,0,07-17 13:27
真的没救了，越喊话跑的越快，实际利好有吗？去杠杆IP,316,0,07-17 13:22
不要什么事都推到50指数！50指数在某年年牛市的时候推,1058,1,07-17 13:17
股市跌就是卖的多，不看好的多。股市烂也没办法！,383,0,07-17 13:16
好好的股市给弄成辣鸡场了。还不走！,426,1,07-17 11:37
空仓看暴跌！,139,0,07-17 11:15
这50只股票资金占比整个股市一半还有多，熊市拉不起来,275,0,07-17 11:08
50不死，股难未已,216,0,07-17 10:39
大盘长不长就看他就行啦,243,0,07-17 10:17
上面不听，不看，看了鄙视，奶酪会给你们？,211,0,07-17 10:07
滚犊子。,224,0,07-17 10:03
50后面的利益者压的我们喘不过气，我们该站起来了,238,0,07-16 23:50
50是只股票决定大盘走势，真他妈奇葩，全世界都没有,261,0,07-16 23:49
它的计划就是 2450,1136,2,07-16 17:52
[图片],802,1,07-16 17:23
外国靠制度和措施稳定市场，这边用喊话稳定市场，哈哈,567,0,07-16 14:39
起来，不愿受迫的人们！,184,0,07-16 14:32
还跌啊？都两点半了,222,0,07-16 14:31
2450？,252,0,07-16 14:24
垃圾,118,0,07-16 14:21
谁绑架了谁？,242,0,07-16 14:17
砸，就这样砸，砸的越狠越好，最后看谁拉稀[不赞][不,112,0,07-16 14:16
唉，唯有一声声叹息,1099,5,07-16 14:00
真威武，强,107,0,07-16 13:48
看2点吧！,209,0,07-16 13:47
真可恶，去死吧,259,0,07-16 13:32
烂股市50原凶！,347,0,07-16 13:30
只有50个股做指数方便操控整个市场,301,0,07-16 13:29
万恶的50,236,0,07-16 13:20
国家队在做t，你们都起开,175,0,07-16 13:16
创业板在奋力护盘！上证50在砸盘，怎么说？,227,0,07-16 13:09
以前鼓吹的价值投资呢！现在看来一样都是些垃圾！,178,0,07-16 13:06
无量无真实。,269,0,07-16 12:06
为什么不跌了,218,0,07-16 11:27
又想出货，又要维稳，你想的太多了[俏皮],276,0,07-16 11:22
国家队派发,134,0,07-16 11:12
每次大跌你就带头跑，这就是国家队吗？还保护什么中小,173,0,07-16 11:07
他就是垃圾,208,0,07-16 11:01
就会利用50做空,493,0,07-16 10:54
跌这么狠，带头砸盘，已经够恐慌的了，就这样提振投资,342,0,07-16 10:49
汇金，中金出货,332,0,07-16 10:47
大象们倒完，每次要涨点就倒，每次跌了也倒，这样股市,320,0,07-16 10:44
遇到20均线，也不至于如此之怂吧。整理可以，为何大跌,335,1,07-16 10:36
半年大涨了百分之三了，该跌了,324,0,07-16 10:35
估计得搞点事。,410,0,07-16 10:31
50厉害了，涨的多的使劲砸反正我不会买茅台,507,0,07-16 10:03
50这死货又要贱卖了,467,0,07-16 09:56
真的看不到希望，上涨成了昙花一现而下跌成为常态化，,402,0,07-16 09:53
又尼玛带头砸盘  还有活路吗,230,0,07-16 09:44
只要50还在护盘，股市就好不了！,968,2,07-15 11:14
自美国挑起、中国被迫应对开始，国内的讨论热度始终很,3286,1,07-15 10:35
今晚别发IPO股市还有希望，用心呵护一下股市吧！,388,0,07-13 18:26
又涨了[牛][大笑],175,0,07-13 14:57
见底了  珍惜买入机会,379,0,07-13 14:39
50没跌掉60%以前所有大盘反弹都是套人,1505,4,07-13 14:12
开始反弹拉吧！装模作样这么久了,423,0,07-13 14:08
跳水的步伐,623,0,07-13 13:17
没量，又要跌，垃圾股市,579,0,07-13 13:14
认真聊聊贸易反制对中国和民众的影响 自美国挑起、中,952,0,07-11 11:09
现在全都被国家队给操控了。。。,1241,0,07-13 13:13
控制好仓位迎接贸易战,1547,6,07-13 11:38
50的高层如果还是不作为、拖累A股下行……呵呵，金稳,606,0,07-13 10:19
一大涨就高谈反弹，一大跌就大论恐慌，都不累吗，每天,374,0,07-13 09:43
再继续每周发一家新股，就会继续看2691甚至更低！,596,1,07-13 08:12
缺口不补么？,348,0,07-12 14:30
反弹见顶了吗！？不会是一日游吧！？,257,0,07-12 13:41
反弹一步到位,355,0,07-12 13:09
抽风吧，五十零！,223,0,07-12 12:24
A股估值处于历史底部 人们还在担心什么？,761,2,07-12 11:03
吹起了反弹的号角,159,0,07-12 11:01
什么都可以死，就是男到女唱团伙手上拿的房产不能死！,287,0,07-12 10:31
论创业板崛起的历史意义！,1050,6,07-12 09:41
为什么没开盘就显示跌0.32呢？,537,0,07-12 09:07
现在是叫天天不应叫地地不灵啊！2777.77。只能求菩萨,569,1,07-12 08:35
7.11周三《上证50》，理论分析和策略更新,2435,4,07-11 20:13
在50的带领下，明天又是一个实实在在的扑街日。[不屑],366,0,07-11 15:22
国家队出来走二步,854,2,07-11 15:11
恐慌到家了，对你们失望+绝望！,273,0,07-11 14:19
国家队的股指空单没有止盈平仓，也就是说国家队还是做,1933,1,07-11 14:14
来呀，继续伤害呀，哈哈。。。。,301,0,07-11 13:46
[大笑]快抄底，国家队马上拉,314,0,07-11 13:26
这是干嘛呢，学美股吗？美股能拉回去，你就一弱鸡,398,0,07-11 13:21
7.5周四《上证50》理论分析和策略，在线更新,3510,8,07-11 13:16
个股午后加速下跌，太可怕了，没一点办法。,232,0,07-11 13:11
快拉红吧，要脸就拉红，打了没几天，硬不了三天就不行,1077,1,07-11 12:58
今天行业板块居然没有一个是红盘的，任何市场首先是服,322,0,07-11 11:38
一看就是缺钱行情，反弹就跑！,520,1,07-11 11:31
下午不得了,271,0,07-11 11:14
个股又闪崩呢！真无语了！,245,0,07-11 11:08
莫名其妙的大跌必有大利空,1931,4,07-11 10:45
败类,212,0,07-11 10:22
这今天要是能涨上去，那就厉害了！所以我认为这个可能,225,0,07-11 10:18
独自高歌,289,0,07-11 10:07
漂亮50量能实在不漂亮！ 基本上以50为主的盘面，涨幅,3088,9,07-11 09:45
什么利空都没有，这样跳空下跌，说明股市基础和内部问,824,1,07-11 09:45
50里的割韭队赶紧地再拉呀，不是到大底了吗,407,0,07-11 09:39
昨天没出来的人估计全部被套了！,351,0,07-11 09:38
收评,819,1,07-10 18:04
漂亮50你究竟能撑多久？,270,0,07-10 15:40
又被新加坡50干下来了,450,0,07-10 14:09
还在贼心不死拉50，看来没有跌到底,3567,8,07-10 14:06
不想玩了，大象今天倒了,369,0,07-10 14:02
加速跳水，什么东西啊！谁能救救股市啊！,471,1,07-10 13:59
涨一天跌五天，八股继续新低,428,1,07-10 13:57
没就了？？？？,203,0,07-10 13:56
50操控大盘。,248,0,07-10 13:36
一日游，真绝望！,350,0,07-10 13:28
昨天刚红一下今天就要跌回去了，,826,2,07-10 12:30
真的没救了,219,0,07-10 11:05
草泥马垃圾,318,0,07-10 11:02
50快跌死。。。。,537,1,07-10 10:52
该死的东西,209,0,07-10 10:48
呼叫砖家，呼叫大削。,329,0,07-10 10:46
完蛋！熊途漫漫！无语了！,308,0,07-10 10:46
今天必阴！油价涨幅全年最高。证明还没真心搞实业,249,0,07-10 10:04
难道又是超跌反弹一日游？没有实际利好全是空喊，2500,228,0,07-10 09:49
无耻,523,1,07-10 09:11
7.9日的中阳反弹不是底部，他只是破位后的反抽确认，,975,0,07-10 07:49
7.9周一《上证50》的理论分析和策略,845,10,07-09 14:48
比上证指数都涨的高,768,0,07-09 14:47
还在拉50出货，可见大盘没见底，耐心等50补跌,620,1,07-09 14:00
易经云：亢龙有悔，盈不可久。该歇歇了，二千八百不是,369,0,07-09 13:32
都在看表演，眼看手不动！,314,0,07-09 11:23
下午跳水队,258,0,07-09 11:12
真是该死，又狂拉,1088,1,07-09 11:06
今天开盘 到目前为止 漂漂50贡献了28点指数 指数贡献,1198,1,07-09 10:59
内忧外困，股市修养，放过韭菜。。。,233,0,07-09 10:44
"早上冲高注意卖,早上下跌注意买,做 T 理论",248,0,07-09 10:30
又开始跳水?,210,0,07-09 10:16
好厉害，涨到10000点,288,0,07-09 10:01
这是不要脸了吗？茅台又要800块？,314,0,07-09 09:37
千万别停发新股，一切照旧。最坚定的价投如是说,282,0,07-07 21:32
筑底成功，下周反弹了,391,0,07-06 16:10
大厦必,375,0,07-06 14:46
上证冲高回落中，不是什么好事，顶住！,320,0,07-06 14:43
上周五就大涨然后下一周开始疯狂下跌，下周会重演吗？,348,0,07-06 14:41
50指数谁会接？当初是谁说价值投资的？是谁搞货币化安,2187,3,07-06 14:13
50跌回1900，那大盘还要跌800点,869,1,07-06 14:12
重演7月3日,292,0,07-06 14:01
又一年看到千股涨停,1007,1,07-06 14:28
是福还是祸？？？,238,0,07-06 13:55
慢慢拉筹码多的是,342,0,07-06 13:38
我的帖子都通不过，证明什么,1523,4,07-06 13:29
说句心里话：这个节骨眼儿你要是还掉链子就真成罪人了,390,1,07-06 13:28
整天乱窜，成了世界的笑话！,331,0,07-06 13:18
直线上升，直线下降。,136,0,07-06 13:17
不要弄出怎样上去又怎样下来,316,0,07-06 13:15
这样的上升力度会否造假,288,0,07-06 13:09
50里面可都是国家队,730,2,07-06 12:23
发评论都控制，呵呵，不是是言语自由吗？,274,0,07-06 12:04
很像7月3日,320,0,07-06 11:51
追的下午更惨,518,0,07-06 11:39
是玩偶吗？肆意践踏！,370,0,07-06 11:24
领旨了？,401,0,07-06 11:22
如果拉到红盘，今天晚上必然ipo,548,0,07-06 11:21
别动，当贱人不是这时候，一弹起来，跌的更多,427,0,07-06 11:20
给我狠狠地砸！漂亮50,258,0,07-06 11:14
粒粒出轨，导致A带禄,454,0,07-06 11:01
做空,156,0,07-06 10:59
《7.6长阳子》上证50策略建议,551,0,07-06 10:39
和平更替？,219,0,07-06 10:37
就喜欢动嘴皮子，这是最大的本事。。。,340,0,07-06 10:30
继续努力砸机构投资者,232,0,07-06 10:19
50指数是专门打压创业板的！,274,0,07-06 10:19
快砸,184,0,07-06 10:16
关键时候，50就压盘,1079,3,07-06 10:12
想稳定？难！,321,0,07-06 10:10
跌倒了，不能扶，就是这个道理，因为，人心太坏。。。,414,0,07-06 10:09
跌出新高度，跌出新花样,295,0,07-06 10:09
出来混总是要还的,322,0,07-06 10:04
又砸盘开始了很伟大,296,0,07-06 10:03
取消50指数，依法惩处推进者,304,0,07-06 10:02
今天可是明明白白，50摔先抢跌，,231,0,07-06 09:35
关键时候50就压盘，50里全是国家队，你懂得,296,0,07-06 09:33
还没开盘就下跌了……,220,0,07-06 09:07
mmm,250,0,07-06 06:15
50重回1400,157,0,07-05 23:48
50不死大盘不涨,695,1,07-05 23:45
独角兽吸血鬼,447,0,07-05 22:45
首发为5%，防止爆炒害人、这5%交易税为30%、谁看好谁,396,0,07-05 20:23
明天准备接受冲击，为国接盘，必有厚报！,305,0,07-05 19:51
围脖今准布控M,388,0,07-05 19:46
东方一支红，明天来绝杀！,286,0,07-05 19:17
厉害，上证50,320,0,07-05 16:54
《7.5长阳子》上证50策略建议,1464,7,07-05 16:16
真是定海神针！[赞][赞][赞],907,1,07-05 15:02
好坚强的字个红十字星,399,0,07-05 15:00
上证50辛苦啦[胜利][胜利],479,0,07-05 14:53
上证50就是中国股市的大棒！,392,0,07-05 14:53
这逼装的,474,0,07-05 14:53
不要脸的顽强翻红了,454,0,07-05 14:52
上证50不回归正常，股市还会跌的更厉害！独宠50，3000,502,0,07-05 14:51
明日十点半攻击过2793点，将会很快攻击2850点,1245,2,07-05 14:50
都没量，温水煮青蛙。,377,0,07-05 14:50
拉晚了，收盘拉证明没实力了还要跌,401,0,07-05 14:46
强拉明天死更惨,497,0,07-05 14:40
取消万恶的50指数,735,1,07-05 14:25
取消上证等各种指数，实现个股分化价值投资，不要绑在,1359,2,07-05 14:22
伟大的50 ，漂亮的50,602,0,07-05 14:17
国家队快来救我们。,481,0,07-05 14:12
50总是在该跌的时候死扛，实在扛不住了才暴跌，个股跌,704,0,07-05 14:11
只要拉50就暴跌哈哈哈,603,0,07-05 14:05
50越看越觉得有人故意做空,590,0,07-05 14:03
50不跌透，大盘不见底。,487,0,07-05 14:00
还是3000多只股票在下跌中，看不到一点希望！,585,1,07-05 13:51
顶住啊,244,0,07-05 13:46
上证50就是期货，我们不要期货，要投资,396,0,07-05 13:35
价值投资！你他么怎么玩的！价值投资懂不懂啊~卧槽！,265,0,07-05 13:29
为了你财富老兄放弃巴,350,0,07-05 13:15
出来多少利好的宣传口号啊！股市没反应继续下跌，唉！,831,1,07-05 13:12
更换成分股，多加入芯片，军工，软件，大消费，电子，,347,0,07-05 12:47
狗刘之后一块也绿了,237,0,07-05 12:00
买恐慌盘资金临近,349,0,07-05 11:52
中国股市只害人，最大的赌场。,325,0,07-05 11:50
什么最可怕：是绝望中看不到希望？还是在希望中看到了,1183,2,07-05 11:49
猜会不会千股跌停？,230,0,07-05 11:30
准备拉吧！总是让人感觉特别,333,0,07-05 11:21
下午50带领奔26了,328,0,07-05 11:15
50好样的~    谄媚走势漂亮!   拉，继续拉~,440,0,07-05 10:20
取消50,277,0,07-05 11:13
50割肉盘呢,247,0,07-05 11:06
取消50指数,318,0,07-05 11:05
拉50是啥意思,803,1,07-05 10:48
50涨大盘才能真的涨,240,0,07-05 10:38
准备下午进场捡便宜货,187,0,07-05 10:23
奶奶的，还是3000多只股票在下跌，50独红，牛呗，奇葩,615,1,07-05 10:22
每天冲一下就回落，有意思吗？就不能挺一回啊？,199,0,07-05 10:17
上证一接一砸，个股跳水，熟悉的味道，谁这样干呢！,294,0,07-05 09:46
不是创业板领涨都是诱多,263,0,07-05 09:42
拉高出货,305,0,07-05 09:39
上证50，可以下市了,297,0,07-05 09:35
上证50，，已上一黄泉路，什么也不是，，莫留恋，，一,279,0,07-05 09:01
关闭股指期货是不可能的，这样的话就是自己打自己的脸,437,0,07-05 08:59
本以为美的不高于40亿回购是玩文字游戏，谁知道今早最,337,0,07-05 08:38
今年买 50的散户都是当代雷锋，一辈子别想解套！,2748,4,07-05 08:26
《7.4长阳子》上证50策略建议,2829,24,07-04 21:19
发现一个规律，美股大盘如果跌0.5，癌股必然跌是它的,235,0,07-04 15:33
错了就是错了，该问责了，不及时纠正错误端正方向会越,410,0,07-04 15:04
当把人心跌没了的时候你想救都救不起来了，果断救市吧,1020,2,07-04 14:44
贼还捉贼的感觉！,174,0,07-04 14:40
他到哪了？怎么没出现？害人不浅呐！,288,0,07-04 14:36
还有希望吗？,717,2,07-04 14:35
有点股灾的感觉,296,0,07-04 14:30
全球第一吸血鬼就是A股市场，这是要斩尽杀绝啊！,260,0,07-04 14:29
个股又开始崩呢，我去,269,0,07-04 14:20
真TM辣鸡，风向标天天就这样。,299,0,07-04 14:04
300571都比茅台稳，嘴上说茅台稳的，其实嘴上也没赢,473,2,07-04 13:51
2200等你穿破,172,0,07-04 13:51
机构在50砸盘!国家暗示成功了,1509,2,07-04 13:33
降低印花税、往股市里注资、停止IPO独角兽，三管齐下,562,0,07-04 13:30
不要脸的上证指数，完全被50左右,361,0,07-04 13:30
上证50实际上只知道五百点,361,0,07-04 13:29
上午不畅通,363,1,07-04 13:22
底部到了？没有！,761,0,07-04 12:15
罪魁祸首就是五菱,390,0,07-04 11:25
"炒股新思维,50连续大跌买一买50小跌不想买,50大涨立马",373,0,07-04 11:21
破股市真烦。,380,0,07-04 11:00
《7.3长阳子》上证50策略建议,1574,9,07-04 10:56
50砸盘已结束，现在已在吸筹,716,1,07-04 10:55
机构罕见做空50指数国家队暗示什么,1136,1,07-04 10:49
上头下令做多！阴风习习想变暖风,369,0,07-04 10:46
上证50就是机构大力捧出来的指数。专为资本服务,429,0,07-04 10:34
狗屎,252,0,07-04 10:28
实着垃圾,311,0,07-04 10:28
求求上帝求求菩萨保佑股市别再跌了，上帝保佑阿弥陀佛,2371,9,07-04 10:20
谁在做空股市主力机构,291,0,07-04 10:19
机构又砸盘了,222,0,07-04 10:19
SB50更合适,282,0,07-04 10:17
取消上证50指数,588,1,07-04 10:15
大蓝筹死了，大盘必定也死,376,0,07-04 10:14
取消上证50,344,0,07-04 09:56
mmm,331,0,07-04 09:54
独自去唱歌？！,346,0,07-04 09:51
耐心等待抄底，,500,0,07-04 09:47
昨天V型今天难道直接摔伤给你们看？,415,0,07-04 09:32
五星红旗迎风飘扬，胜利歌声多么响亮，歌唱我们伟大的,1119,2,07-04 08:39
没人接上不去[微笑],1003,2,07-03 20:29
一个人成不了球队！,531,1,07-03 15:04
又想出妖，靠,473,0,07-03 14:39
没人跟风，独角戏！明天还得跌！,375,0,07-03 14:34
老是玩抄底，谁又不傻，难道我们去追高吗？,399,0,07-03 14:22
可以交差了，我拉了！,456,0,07-03 14:21
老乡别跑某某对来抄底了,256,0,07-03 14:06
还记得当时鼓吹漂亮50让散户接盘吗,1796,2,07-03 13:58
老乡别跑,373,0,07-03 13:55
国家队又来抄底了,961,1,07-03 13:47
太牛逼,191,0,07-03 13:45
"一晃半年了,拉50的鸡狗也出了半年货了,[大笑][大笑][",378,0,07-03 13:29
吧里做股指的少做股票发牢骚的多啊,210,0,07-03 13:20
关于舆论和媒体，其实它们不能说实话，否则老乡全跑了,1405,1,07-03 13:20
十年前癌股指数3千多，如今已经过了十年现在癌股指数,1522,2,07-03 12:41
大家不要慌，上证50最多跌到2300点,4088,10,07-03 12:36
国家队早跑了，高抛低吸！[大笑],176,0,07-03 12:34
漂亮50快回15oO点吧，要快！,189,0,07-03 12:33
上证50为什么有那么多散户和机构不看好呢？,779,1,07-03 12:29
大盘股都进入前期解禁高峰等待散户抄底资金进入缓解解,298,0,07-03 12:04
事实证明！股市是用来住的(困住)，房子是用来抄的！十,211,0,07-03 12:00
发的帖子被和谐了！霍霍！,172,0,07-03 11:55
中国的价值投资？无语,887,1,07-03 11:53
价值投资啊[好逊][好逊][好逊],251,0,07-13 11:10
不是说投资上证50才是价值吗？都跌了快一千点了交个屁,474,1,07-03 11:52
多少股灾多少血，国财奴就是好了伤疤忘了疼！去年下半,354,0,07-03 11:48
谁是上证50指数的始作甬者。我想问他为什么不是上证60,295,0,07-03 11:47
苍天啊，醒醒吧。上证50都是夕阳股。这指数不可以存在,308,1,07-03 11:44
自残式下跌,915,1,07-03 11:43
呼吁取消上证50指数,147,0,07-03 11:22
回到2000点在考虑企稳！,248,0,07-03 11:22
进入多杀多模式,479,0,07-03 11:20
解散上证50,346,0,07-03 11:19
金融风险显现出来了,307,0,07-03 11:19
被国家队做空指数给玩死了。做股票的死的都很惨，跟着,293,0,07-03 11:19
上证50始作用者入狱,177,0,07-03 11:16
50还要有100点跌幅，前方路漫漫,347,0,07-03 11:16
大盘那么多指数。为什么还要上证50。便于操控吗,725,1,07-03 11:12
2700今天估计不在了,301,0,07-03 11:10
全是你这个儿子造的孽呀。,278,0,07-03 11:06
看50做空的力度就知道大盘有多惨！,540,1,07-03 11:03
让茅台归位。还有4百点,320,0,07-03 11:02
怎么了！,196,0,07-03 10:59
为什要一个多余的上证50,306,0,07-03 10:57
开始跳水,267,0,07-03 10:56
涨多了就跌，正常,338,1,07-03 10:54
周二操作,5455,22,07-03 10:48
上证50很多票还没跌透，观望，有时候觉得空仓好轻松，,246,0,07-03 10:45
鼓励价值投资，大资金怎么不来价值投资啊,225,0,07-03 10:37
每天都有新低！大A威武，独立行情！涨不过你，咱跌的,217,0,07-03 10:35
创业板和中小版股民朋友的尸体收一收，给50的兄弟liu,292,0,07-03 10:34
你能出来说句话提振一下投资者信心吗？,246,0,07-03 10:33
盘中一波分时拉升后，上证50再度集体砸盘跳水，上证50,250,0,07-03 10:20
去年说价值投资鼓励买大蓝筹大白马狂拉50，今年说禁止,361,0,07-03 10:17
两个小继电器后，来个大启动继电器，要长绿，看千股，,235,0,07-03 10:16
大A股弄到今天还在3000一下徘徊，好意思？,217,0,07-03 10:11
日日新低，特郎普背黑锅！,235,0,07-03 10:11
2200击破是必然！,137,0,07-03 10:11
五十知天命[拜神][拜神][拜神]好。好。。好。。。[鼓,637,2,07-03 10:10
美股低开高走全线收红，又赖不了外围了，还是自身不硬,550,1,07-03 10:06
害人的50，股民还相信你吗？,190,0,07-03 10:04
继续不要停，自己玩，我们看戏好了？！,207,0,07-03 10:04
一万个为什么？跌到了我支持特郎普统一全世界！收编全,212,0,07-03 10:02
出来混迟早要还的,179,0,07-03 10:02
还是救市的问题吗？,167,0,07-03 10:00
跌吧跌吧,151,0,07-03 09:56
今日有信心维稳2300,221,0,07-03 09:55
ADL没背离 50还会跌一些。,187,0,07-03 09:50
早盘50继续兴风作浪吧,557,1,07-03 09:40
艹，每天都这样。怎么玩？？？,259,0,07-03 09:36
很早前我就说，跟着国家队做空上证50指数保证赚钱。看,2753,2,07-03 09:11
谁接盘50谁是啥。比,238,0,07-03 08:25
50股，本来就是维稳的，竟然17年放纵炒作，抛的高跌的,402,0,07-03 08:15
50就是坑货，之前全球环境好时为了让你上涨，大面积股,2415,1,07-03 06:09
今天散户大发神威，把上证50做空了4个点,3425,4,07-03 04:25
老外就是盯住中国高房价臭鸡蛋做空中国,502,0,07-03 00:33
如果50天天跌是个什么情况,1447,1,07-02 23:34
过去有漂亮上证50走势！所有股票都在跌，只有上证50走,2095,1,07-02 22:09
7.2周一《沪深300》基于理论分析，谨防空头,5241,9,07-02 22:01
50才是大盘的关键，50死大盘死。,2794,2,07-02 21:29
没事玩吗?,359,0,07-02 21:02
居然这么多这么多股票已经跌破股灾时2638点的股价了，,450,0,07-02 20:51
上证50大跌，说明有关方面并没有收手,6323,3,07-02 20:19
50喂毒药了。,778,0,07-02 18:40
50涨得时候怎么忘了现在跌就是最大的利好,757,0,07-02 17:54
上证阴包阳创新跌，市场机会在哪里,2682,1,07-02 17:29
50近期新低破位可期啊 价值投资终结了[大笑],5976,11,07-02 17:22
上证50大跌，说明有关方面收手,600,0,07-02 16:37
当前关键就是拉上证50,427,0,07-02 16:35
漂亮50跌得可以啊,216,0,07-02 15:29
7月没有开门红，谁能解释一下下“五穷六绝～～七翻身,4083,9,07-02 15:28
服务型和配资型股票市场的差别太大了，类型决定了未来,796,1,07-02 15:24
没跌停不叫暴跌 很平稳,304,0,07-02 15:24
SB才买上证50！1400止跌,389,0,07-02 15:20
50变创业板了[亏大了],277,0,07-02 15:20
50跌倒，全场吃饱…… 50的价值投资呢[为什么][为什么,468,0,07-02 15:12
尾盘死翘翘[大笑],460,0,07-02 15:04
中国还价值投资吗？,435,0,07-02 14:57
这阵势怕是要到年底了,267,0,07-02 14:55
那些唱漂亮50赞歌的人哪去了？出来走两步！,248,0,07-02 14:53
调整目标2150点,185,0,07-02 14:51
这是在还账吗？,297,0,07-02 14:50
啥玩意七翻身啊！？更惨！！！,124,0,07-02 14:49
50才跌100点，人家琼斯都是200点，我们赢了,594,1,07-02 14:47
价值投资,132,0,07-02 14:45
虽然今天又亏了不少，看着50爆跌，心中贼爽。,283,0,07-02 14:45
2000以下才到头，继续，不要停。,102,0,07-02 14:45
罕见大跌不会持续的，没有继续大跌的基础。。。,255,0,07-02 14:45
谁在卖上证50！,278,0,07-02 14:45
还差370点，赶紧的跌,207,0,07-02 14:44
热烈庆祝50又创新低，大家鼓掌,1321,3,07-02 14:44
害人不浅,193,0,07-02 14:43
出来混早晚要还的，当初强行拉50,240,0,07-02 14:43
熊关慢道真如铁，如今迈步从头越,306,0,07-02 14:42
想要大盘跌，股指期货买50跌,209,0,07-02 14:41
说价值投资的，都去哪里了?,180,0,07-02 14:41
再护盘呀,112,0,07-02 14:41
今天50功劳不小，继续加油,212,0,07-02 14:41
害人精上50,162,0,07-02 14:40
股灾…,200,0,07-02 14:40
上周五一根阳线算个啥？那叫大阳线？今天这大阴线才叫,142,0,07-02 14:40
不是价值投资吗,135,0,07-02 14:39
就问你们爽不爽,107,0,07-02 14:38
50的叫兽与粪稀释们出来走走，躲证明你们自己就是托,1658,4,07-02 14:36
上证50，你也有今天,137,0,07-02 14:36
50跌的像次新股，真牛,115,0,07-02 14:35
哈还是茅台好喝，50里还是茅台坚挺！[亏大了],242,0,07-02 14:34
到1400还有1000点。。。,124,0,07-02 14:31
50涨，我的股跌，50跌，我的继续跌[不屑][不屑][不屑],589,1,07-02 14:30
早说了什么时候茅台100块那就是股市底,257,0,07-02 14:30
快说 ，可以补啥？,147,0,07-02 14:30
一脸懵逼的换创业板吧，什么价值投资白马50呀，都是骗,261,0,07-02 14:29
中农工建招等五大权重银行大形态头肩顶己经破位[不赞],1908,3,07-02 14:28
可以做旅游景观了！,156,0,07-02 14:28
这么着急卖，五零资金要买中小创的意思吗？,242,0,07-02 14:24
无可救药了,334,0,07-02 14:24
你也有今天,143,0,07-02 14:21
恭喜又创新低，不扶墙，就服你,149,0,07-02 14:21
来，慢牛啊。半年前不是还疯狂喊着散户买吗？难不成这,1756,1,07-02 14:21
跌的好[大笑][大笑][大笑][大笑],510,1,07-02 14:20
大阴线，明天继续跌跌跌！,253,0,07-02 14:20
50牛带头砸盘,239,0,07-02 14:19
放量杀,301,0,07-02 14:18
熊市,228,0,07-02 14:17
50破了新低,199,0,07-02 14:16
跌二仟四,241,0,07-02 14:15
上证50补跌。,170,0,07-02 14:11
50全线下跌，要命啊,759,2,07-02 14:07
别磨叽了跌停拉到了，真是服气,99,0,07-02 14:04
看看全球有多少百分之三的跌伏,621,1,07-02 14:00
现在的大盘只需要这几十支票，砸到2000不是梦……继续,270,0,07-02 13:55
李大宵那货为什么不出来唱多了？他不是不停让人买美丽,359,0,07-02 13:54
暴跌50！全绿[大笑],349,0,07-02 13:50
什么时候再搞个6O,308,0,07-02 13:48
最少还有200点跌浮,337,0,07-02 13:47
日日，新低不断[心碎][空仓],282,0,07-02 13:47
找不到接盘侠了,332,0,07-02 13:39
垃圾啊！隔三叉五创新低,183,0,07-02 13:36
虽然股票跌了 看到上证50跌这么多心情舒畅啊,327,0,07-02 13:34
50威武。霸气侧漏，加油继续，等你回来,280,0,07-02 13:34
50砸盘看今天小编砖家怎说,277,0,07-02 13:34
砖家们还在畅谈绝地反击呢，呵呵,320,0,07-02 13:31
没有跌5%不算暴跌,355,0,07-02 13:31
上证50下跌，中小创才有机会。,340,0,07-02 13:29
房地产会被股市打破！,1090,1,07-02 13:24
风水轮流转，轮到上涨50下跌了,390,0,07-02 13:20
50跌停吧,318,0,07-02 13:19
李大霄呢？你的蓝筹股要死球了,2575,4,07-02 13:18
50这个狗b又在砸盘,240,0,07-02 13:17
漂亮50真漂亮,238,0,07-02 13:16
那些恭维漂亮50的人呢？什么价值投资，屁都没一个了！,558,1,07-02 13:16
继续新低,315,0,07-02 13:15
哪个大神在做空股指期货,208,0,07-02 13:15
哈哈哈一天就跌完了,303,0,07-02 13:14
砸砸砸,275,0,07-02 13:14
跑吧,254,0,07-02 13:13
好稳定的市场[赞],263,0,07-02 13:12
抹平去年一年的涨幅！,232,0,07-02 13:06
砸吧，平仓爆仓的连锁反应想过吗？,550,0,07-02 13:06
50全军覆灭了。。。。,357,0,07-02 13:06
50你就不能干脆点，直接跌停不就完事了,235,0,07-02 12:55
6月19日放量再创新低后，进入的主跌浪。没收在均线之,1749,2,07-02 12:19
去年说价值投资硬拉高无耻50！现在散户不好骗了！无耻,3538,9,07-03 19:55
一阳指后继续修练九阴白骨爪,699,1,07-02 11:58
人民币贬值  外资加速撤离权重 自然跌,588,1,07-02 11:49
拉个股拉起来50就要出货,277,0,07-02 11:48
50还没到位，2200,278,0,07-02 11:40
你妈的，还以为好转了呢，上个交易日怎么涨的今天半天,308,0,07-02 11:34
变成砸盘指数了[滴汗],240,0,07-02 11:32
上次涨一天涨2%，今天跌半天就快跌2%了！你非要别人叫,188,0,07-02 11:30
漂亮50，呵呵,157,0,07-02 11:28
为什么要设置这个几把指数？,148,0,07-02 11:27
50你要死死快点,170,0,07-02 11:26
刚开始跌,252,0,07-02 11:19
李大霄看好的[滴汗],197,0,07-02 11:16
有心跳吗？,341,0,07-02 11:15
千万到接,288,0,07-02 11:01
上证50成功把大盘带回到大道的路上！,831,2,07-02 10:56
量缩得这么少，50指数股无法持续，只能下跌,1018,2,07-02 10:53
股民正需要信心的时候上证50来打击，真是无语！,823,1,07-02 10:38
现在来看周五上涨是挖了个大坑，一起坏！无底洞！,362,0,07-02 10:38
漂亮50就是给力[赞],172,0,07-02 10:36
上证50太坏了，拖累了大盘。,989,1,07-02 10:32
弱鸡,125,0,07-02 10:28
讲个笑话，kdj金叉,528,1,07-02 10:25
一大早跌1%,131,0,07-02 10:16
搞个垃圾5o,303,0,07-02 10:15
别又来个黑色星期一，引领黑7月，真服了你们了！,402,0,07-02 09:28
周五操作,4668,14,07-01 21:50
《6.29周五》上证50日间策略建议,1912,18,07-01 20:48
市场见底的6大特征和个股底4特征 尽管要预测大盘很难,2258,0,07-01 17:44
6.29周五操作建议,2126,23,06-30 10:29
反弹，低吸,432,0,06-29 17:45
今天不会跌了买,173,0,06-29 13:24
st稀碳股东大会被中小散户叫停，发新越多，局势越乱，,653,1,06-29 12:56
五零这根搅屎棍，搅得大家舒服吗？,760,2,06-29 12:11
拉茅台了，小心诱多,342,0,06-29 11:17
又是冲高回落？再创新低？,304,0,06-29 11:17
是你拉的吗？,237,0,06-29 10:02
老美又大涨了，大癌怎么说,948,1,06-29 09:33
6.29周五《上证50》操作及建议,318,0,06-29 09:31
涨停几时有，持股问老天，看熊途慢慢，跌停又下跌，大,262,0,06-29 09:03
专家在宣传自己投资逻辑时，从来不敢说的秘密！,3603,8,06-29 08:23
野蛮人，害人精，妖精。,257,0,06-29 07:28
你们看央视交易时间吗？,1140,1,06-28 22:30
根本就没有价值投资。中国的实力和希望就这么废,1059,2,06-28 22:27
漂亮！千万不要救市，让市场自己选择吧！频繁干预只能,1193,2,06-28 22:25
国家队很早就做了指数的空单，这个月马上指数期货交割,2935,2,06-28 22:22
《6.28周四》长线布局,2828,19,06-28 21:47
独角兽暂时不搞了，上证50马上砸盘   ，  看来独角兽,270,0,06-28 19:42
2018/6/28 上证指数收盘价，上证50指数收盘价，MSCI指,752,0,06-28 19:14
大家不要慌，上证50最多到1900附近。,419,0,06-28 18:49
这个鸡肋指数又红了~  只要鸡肋50一红，就不是一件好,807,1,06-28 17:40
小伞别急，救市来了[大笑],252,0,06-28 16:11
周四操作,6262,15,06-28 15:48
拉50啊！,453,0,06-28 15:33
大哥真是跳水队领队人[赞][赞][赞],636,1,06-28 15:06
缺德,431,0,06-28 15:02
漂亮的50又一次把指数带沟里了。,547,0,06-28 14:59
买价值股，不怕，跌多了还会涨回来的，，为国接盘光荣,566,0,06-28 14:57
年初使劲鼓吹价值投资，现在都逃了吧。喝民血无底线啊,491,0,06-28 14:57
当所有股票下行时，许多媒体鼓吹中国股市看50！漂亮50,595,0,06-28 14:53
目前做空这50，四两拔千斤，厉害,489,0,06-28 14:52
三天杀1oo点，不爆跌，说明杠杆很少，没背爆仓的。,495,0,06-28 14:52
彻底完了！,488,0,06-28 14:49
一个别想跑！,303,0,06-28 14:39
漂亮50真漂亮,524,1,06-28 14:35
脸都丢尽了。,337,1,06-28 14:34
简直是不堪一击,204,0,06-28 14:32
两点半上班,217,0,06-28 14:30
九阴白骨爪以有四成功力[大笑][大笑][大笑],208,0,06-28 14:29
2点了啦快跑准备砸,233,0,06-28 14:20
你继续诱多吧,234,0,06-28 14:18
CNMB 每天送你四个字母 不谢,158,0,06-28 14:17
上午杀进来的多头即将被套，多杀多死循环。,575,1,06-28 14:10
天生逆子，奈何,223,0,06-28 14:05
今天到底了，立贴为证！,268,0,06-28 14:05
让人耻笑！唾弃！,431,1,06-28 14:03
又坑杀了一波韭菜！,241,0,06-28 13:57
国家队取得《九阴真经》，正修炼白骨抓。,330,0,06-28 13:55
M的，又是裹＋√,559,0,06-28 13:54
再跌就是缺德！,142,0,06-28 13:54
国与国的较量,246,0,06-28 13:52
国与家,278,0,06-28 13:50
这是灾难,213,0,06-28 13:45
证监会、国家队的法宝。被外资消遣的一塌糊涂。上证50,198,0,06-28 13:38
50别涨才有希望,123,0,06-28 13:37
谢特！,123,0,06-28 13:31
持币观望，看你们表演，诱敌深入[围观]还是当年古战场,238,0,06-28 13:31
冲高回落，勇创新低,250,0,06-28 13:28
天天砸盘的垃圾，坑蒙拐骗,135,0,06-28 13:26
明天低开多少啊,201,0,06-28 13:18
漂亮50，真漂亮[大笑],156,0,06-28 12:45
上证50指数是怎样算的啊？,599,1,06-28 11:50
要是拉上证这个sb,161,0,06-28 10:58
做空股市的意愿还是很强大呀,214,0,06-28 10:55
难道市场底到了,303,0,06-28 10:49
垃圾中的战斗鸡,134,0,06-28 10:45
癌股聚居地。,141,0,06-28 10:29
大家说，再千古跌停一次，凉风席是不是还说，暴仓1%可,222,0,06-28 10:28
蓝筹股都是A股的大癌股，看着没病，其实里面都是烂肉,180,0,06-28 10:20
漂亮50真漂亮,182,0,06-28 10:18
股指做空我们散户不能做,539,0,06-28 10:15
看样似拉高出货，今天或明天有大瀑。,307,0,06-28 10:09
我去，天天创新低，欢迎下来,189,0,06-28 09:57
50出逃利害，做空专家,222,0,06-28 09:52
你们代表了中国的未来，上证50！,166,0,06-28 09:47
快跌大跌，把指数跌倒2600点，大家都感觉安全,188,0,06-28 09:43
上证50才感觉真实,605,1,06-28 09:42
50像个调皮的孩子。,223,0,06-28 09:42
总算轮到高高在上的50腰斩了,185,0,06-28 09:38
感觉像股灾哦,637,2,06-28 09:36
50不跌！股市没救！,177,0,06-28 09:36
去年变态拉50！今年畸形砸50！横批：人定胜天！,204,0,06-28 09:32
只有50跌到没人买，股市的春天才会来,211,0,06-28 09:26
上证50指数还是高高在上的。,314,0,06-28 09:05
你既然愿意自甘堕落，那就堕落吧，烂下去吧！,202,0,06-28 08:19
你为什么要领跌？！唯恐股市不乱，股民不亏！？,132,0,06-28 08:04
觉得哈。。。上证指数昨天到了一个小底，仅是个小底，,319,0,06-28 05:42
价投？见底还早,349,0,06-28 01:47
50崩了，农行亏死我了,1352,1,06-27 23:43
《6.27周三》在线更新,474,12,06-27 21:26
害人的50,354,1,06-27 21:12
50指数是最大的空头。,274,0,06-27 21:07
底部特征，大量，长阳，普涨。 今三无一。二千五见,1200,1,06-27 19:05
上证50还是高高在上，离1402点还远着哩。中小创，好多,440,0,06-27 17:46
害人精,248,0,06-27 17:09
现在上证50的股指期货，比现在股指还下折了2%，那些开,710,0,06-27 16:44
这种行情你们还持股，我服了你们。,1002,1,06-27 15:54
周三操作,5407,24,06-27 15:27
这次大跌50股票功劳最大！,415,0,06-27 14:54
不上5000点，破2000点是你终极目标,275,0,06-27 14:43
你50怎么不护盘了?涨啊！,1082,1,06-27 14:40
成也50败也50,287,0,06-27 14:33
沪指破2800，下跌任务完成了吧,317,0,06-27 14:32
开始拉了，要为明天做准备。,236,0,06-27 14:32
该问责了吧！不像话了！,276,0,06-27 14:29
资金出的太少了,320,0,06-27 14:23
一代不如一代,314,0,06-27 14:22
格力要跌倒25-30的上证50会到哪？估计2200。,181,0,06-27 14:20
完全被茅台绑架的指数，哎！[不赞],299,0,06-27 14:20
打脸上证50，去年拉高的50指数，现在跌的太惨了。是谁,158,0,06-27 14:20
50害了大盘几年了,199,0,06-27 14:17
怕是以后只有50指数的上升空间小了，所以帮特朗普助纣,178,0,06-27 14:16
干紧卖了。要不然可能大跌。这架势不把小散户操死绝不,155,0,06-27 14:14
乱的没有章法了，没有想到的是，不道德的底的由50指数,209,0,06-27 14:06
国套1641,668,1,06-27 14:04
按照理论跌幅，3200到2700。2700应会到2200。先看2400,308,0,06-27 14:01
这些高价大市值股风险很大，估计要套一辈子,314,0,06-27 14:00
"今天高点不过不买入,昨日低点不破不加仓",122,0,06-27 13:55
50不死，跌势不止,194,0,06-27 13:55
他妈的漂亮50，哈哈哈哈哈哈，这世道[摊手],251,0,06-27 13:55
50这是怎么了？,147,0,06-27 13:52
横着走一个小时行不行？给小股票一条生路吧,287,0,06-27 13:50
2800点保不住啦马上就到2500点呐,193,0,06-27 13:47
说好的价值投资吸？,313,0,06-27 13:44
谁说的茅台不贵，价值投资呢,566,0,06-27 13:43
上证50新低[滴汗],222,0,06-27 13:43
50是红颜祸水[不屑]，城市步足，拜是友谊[摊手],250,0,06-27 13:43
当时一路飙涨为何不喊话注意风险，被现实打脸了。,289,0,06-27 13:41
还是那句话把360放50里的是脑残，360凭什么值一千多亿,467,0,06-27 13:35
真有价值，就是跌成狗的价值,205,0,06-27 13:35
风险可控,253,0,06-27 13:31
大家不要慌…50只是成了个靶子…没啥…,226,0,06-27 13:31
新公布中国规模以上企上盈利百分之十六！50均是有价值,357,0,06-27 13:29
厉害了，俄的股！,271,0,06-27 13:27
漂亮50真漂亮,208,0,06-27 13:25
喊话股市是起不来的，信心崩塌太可怕，都是慢慢累积出,296,0,06-27 13:20
多杀多，可怕,148,0,06-27 13:19
大盘就等上证50了,148,0,06-27 13:18
还不赶紧抛售美债回来救市[不说了],199,0,06-27 13:17
[空仓][空仓][空仓][空仓][空仓]6.25日中农工建招五大,898,2,06-27 13:16
不要嘲笑垃圾股大跌，绩优股也一样要跌，只是顺序而已,283,0,06-27 13:15
没有最低，只有更低,264,0,06-27 13:15
使劲砸,244,0,06-27 13:14
还让不让人活了？,226,0,06-27 13:13
价值呢？价值投资呢？,195,0,06-27 13:11
再吹呀。。。。,247,0,06-27 13:11
崩盘了，上证2000点,203,0,06-27 13:09
恭喜，再创新低！,262,0,06-27 13:06
没有房地产的支持，上证50再跌一半都是高估，房地产银,354,0,06-27 13:00
看到大蓝筹跌，心里真舒服,527,1,06-27 11:56
开始做多了，看多的个股，可以进了。,262,0,06-27 11:45
坑起外资来了,806,1,06-27 11:45
国家队再砸盘啊,302,0,06-27 11:17
这算是都轮着跌了一遍了吧？先是创业板领跌，深圳成指,1865,1,06-27 11:11
狗比  大盘股,320,0,06-27 11:10
反弹就从去IOE开始吧！,1739,0,06-27 11:10
50涨股票跌被骂，50跌股票依旧跌依旧被骂，我觉得是不,312,0,06-27 11:04
权重不启动市场是不会有行情的！,295,0,06-27 10:54
做空赚钱啊，做空股票跌了买进涨了又赚钱,229,0,06-27 10:54
飞流直下三千尺！,344,0,06-27 10:49
做空指数上证50,157,0,06-27 10:38
顶住啊，就指望你了,140,0,06-27 10:33
50etf6.27日行情策略分析：,366,0,06-27 10:31
上证50应该轮流拉了，一直都是拉茅台万科保利，绿地就,847,2,06-27 10:27
上证50好厉害天天跌,899,4,06-27 10:09
败类,116,0,06-27 10:02
上证五零跌的好，证明了炒作漂亮五零就是个大阴谋。,314,0,06-27 10:02
没完没了,100,0,06-27 10:01
做空基地,180,0,06-27 09:57
尼码！A股指数最垃圾的就数你丫的了。,165,0,06-27 09:49
观察一下，这50最坏,208,0,06-27 09:45
二五没了！,247,0,06-27 09:27
三万亿美元回国来买股票后，再拉高让股民争点钱。,756,1,06-27 07:00
2400-2450能撑住吗？,686,1,06-27 06:59
不让企业炒房，股市肯定暴跌，很多企业就靠炒房赚的钱,753,1,06-27 06:58
小强大弱,558,0,06-26 22:24
看看独角兽和ST坑了多少人，,397,0,06-26 21:12
上证50ETF收跌 50ETF沽6月2350涨幅200%,781,0,06-26 16:39
已沦为外资做空工具！,1292,1,06-26 15:08
吃屎50,196,0,06-26 14:53
吃屎吧50,271,0,06-26 14:47
50被人利用拿来砸盘了,238,0,06-26 14:44
中国石油好样的，不助纣为孽,272,0,06-26 14:36
一到2点半这畜牲就想跳水,658,1,06-26 14:32
稍微带一下就可以啦，再带又要跑偏啦。回去你主子又要,311,0,06-26 14:20
大家都别走，也就还有最后一跌了，再忍忍，市场经过--,2110,6,06-26 14:20
其实你的意图。我们都知道，只是。什么东西都要有个度,307,0,06-26 14:17
还有500点下跌可以见底上证50。,412,0,06-26 14:12
上50就是一祸害,247,0,06-26 14:10
好在神创已经不把你放在眼里啦！五零的鬼伎俩没用啦,298,0,06-26 14:00
漂亮50[赞][赞][赞][赞][赞]别走，老乡,284,0,06-26 13:48
我滚你妈的价值投资！,810,1,06-26 13:44
又要跳水吗,193,0,06-26 13:32
黑猫白猫，让小散赚钱的就是好猫,312,1,06-26 12:52
机构指数都没红散户上青天难上难,262,0,06-26 11:24
这几年大蓝筹涨了那么多不想走人吗,330,0,06-26 11:21
砸了5个月了。,316,0,06-26 11:21
50要把大盘带到万劫不复的深渊,1036,2,06-26 10:52
谁知道砸盘的是刮家队。,1156,1,06-26 10:48
赚够了，连谷种都不要了，,230,0,06-26 10:45
50 破位,196,0,06-26 10:41
打脸,449,0,06-26 10:33
可劲的跌哈，,368,1,06-26 10:31
平安银行，，大跌，后面嘞，，，大哭啊，，散，，，,355,0,06-26 10:27
上证50带头砸盘 国家队发出的信号够明显了 还敢去抢反,457,0,06-26 10:25
在这里谈价投，还有比这搞笑的吗？,298,0,06-26 10:24
50蹦了，中小创的春天要来了。,282,0,06-26 10:22
这么砸本周大盘可新低了[复盘][复盘],218,0,06-26 10:19
出来混总是要还的,284,0,06-26 10:16
50还是别收着，跌倒1500就好了，去年一年价值投资可没,331,0,06-26 10:16
风险可控[拜神][拜神],217,0,06-26 10:15
CNMD   还能说点啥呢,213,0,06-26 10:15
去年怎么涨的今年怎么跌。,193,0,06-26 10:15
50正好开跌,269,1,06-26 10:14
50咋扛不住要崩了？你崩吧，我们随意,307,0,06-26 10:13
想溜？谁会来接盘？继续拉你们的大茅台吧,332,0,06-26 10:12
6666666666666666666666666666666666666666,319,0,06-26 10:10
从来不骂人的，今天实在忍不住了，cnm，grd！,270,0,06-26 10:10
老天开眼啦，50终于醒悟了，不抛弃不放弃，开跌,345,0,06-26 10:09
尼妹哒！！！！！！！！！！！！！,253,0,06-26 10:09
月线出现K点了  这波玩完,249,0,06-26 10:06
本来水就不多，还要搞兽兽回来！竭泽而渔！违反规律迟,1563,5,06-26 10:00
让买上证50的接盘侠装逼，体验一下我们早就经历过的痛,346,0,06-26 09:59
CNMD50,246,0,06-26 09:59
50发病了吧，你倒是涨啊,284,0,06-26 09:59
国家队在哪里？这么不给力？,281,0,06-26 09:57
带头压盘，去你大爷的,263,0,06-26 09:55
真完了，出大利好50就跳空低开砸盘，股市的风向标总是,248,0,06-26 09:51
做空A股首选50,296,0,06-26 09:41
股灾5.0,1051,0,06-26 09:28
全绿啊[大笑][大笑],426,0,06-26 09:23
任何以投术手段代替基础缺陷的幻想都是徒劳,456,0,06-26 00:13
删吧！明天出货吧！不出就没机会，看看美股都这样了，,391,0,06-25 23:45
再次呼吁不要去接盘，让他们所谓的大蓝筹在里面自生自,2633,8,06-25 23:02
别嘴硬，打不过的，股市先倒，下一个就是楼市！,1142,2,06-25 22:58
上证50不得到充分的调整，整个A股将永无宁日！,2138,4,06-25 22:56
港资对冲基金，开始做空50指数，大家远离！！！！最近,957,1,06-25 22:49
50不死  大盘不止……50不死  大盘不止……,457,1,06-25 22:49
大利好它砸盘，对着来，现在推波助澜拉一下会事半功倍,1265,3,06-25 21:06
十年前，大a三千点，十年后，2800点。十年前，道琼斯6,2359,3,06-25 20:41
50不是被某些人忽悠成罕见价值吗？怎么烂成这样了？好,212,0,06-25 17:43
阴吞阳还有的跌了,234,0,06-25 17:00
上证50就是个祸害,178,0,06-25 16:29
大盘走成这样，估计特不靠谱又发推特了。,259,0,06-25 16:20
太特么恶心了,267,0,06-25 16:12
股指期货总先于大盘下砸,269,0,06-25 16:07
价值投资深入人心。,325,0,06-25 16:03
上证50已经刷新低了 废了,191,0,06-25 15:47
这就是今天报道降准的回报，大霄还说是大利好，就知道,955,2,06-25 15:46
被外资绑架了,1144,2,06-25 15:40
漂亮50真漂亮,183,0,06-25 15:01
50就是韭菜收割机！,266,0,06-25 14:57
砸吧砸吧,273,0,06-25 14:56
主力大淫棍,234,0,06-25 14:51
老话说的对，利好出尽是利空。[胜利][胜利][胜利],293,0,06-25 14:51
今天的走势，50有很大的功劳,277,0,06-25 14:50
定向降准，为何上证50还疯狂地砸盘？,360,0,06-25 14:44
给我狠狠地跌[大笑],187,0,06-25 14:41
还是K线有用，信息什么的都失灵了,178,0,06-25 14:36
还有二十个点 上证五零才到底 好玩好玩,179,0,06-25 14:32
别急！别急！50里权重最大的中农工建四大银行，头肩顶,469,0,06-25 14:29
50又在兴风作浪啦！,241,0,06-25 14:29
明天还会跌,112,0,06-25 14:22
麻痹的！谁能救救这大A股啊！,109,0,06-25 14:20
今存在跳水可能。 开闸炒房并不能让实业回归。只是拯,1201,3,06-25 14:19
50压盘,139,0,06-25 14:11
希望50天天跌，50不跌股市没有未来，只会越来越惨。,206,0,06-25 14:09
小散被消灭感觉这波大调教要来了不知道会跌破多少点。,252,0,06-25 14:03
庆祝50这波下跌新低[加油][加油],187,0,06-25 14:02
败类,286,0,06-25 14:02
有本事你拉啊  拉呀  你个垃圾,227,0,06-25 13:58
50是个笑话，就这龙头企业[不赞],246,0,06-25 13:57
阿斗真是无可救药！,189,0,06-25 13:47
垃圾50把,402,1,06-25 13:42
新底...,270,0,06-25 13:37
跌死它，好。天天处罚庄家,197,0,06-25 13:19
不买茅台，后悔过去的10年，不买独角兽，后悔的是未来,2614,3,06-25 13:13
膨胀了，我滴锅！,141,0,06-25 11:58
今天靠你了,857,3,06-25 11:28
来来来! 降准了、股民来接盘、银行来砸盘! ～[大便]～,1393,3,06-25 11:08
50指数分红还没有银汉利率高呢？这也叫价值投资？只是,213,0,06-25 11:01
妈的，居然还跌！能不能给股民一点信心啊！,159,0,06-25 10:33
妖怪哪里走，吃俺老孙一棒，,285,0,06-25 10:33
通过这次股灾我也看出来了，股市中信心崩塌是最可怕的,1842,2,06-25 10:23
下周大盘下跌第13周将会考研3000点，指数先抑后扬，老,1211,1,06-25 10:23
在股市重融资升温、金融市场延续去杠杆化的背景下，往,1010,1,06-25 10:22
全让你带水里了。,425,1,06-25 10:21
果然是你在兴风作浪,175,0,06-25 10:20
高开低走，一路破到底。 中国，你真强大,99,0,06-25 10:15
笑到胃痛,254,0,06-25 10:13
你说他是的什么啊？扶不起的阿斗！,219,0,06-25 10:10
为什么会跌呢,179,0,06-25 10:08
炒股成功要有四心：耐心、细心、决心、狠心。只有建立,358,0,06-23 15:30
50是想砸盘了吧。这两年你可没少办坏事,1198,1,06-22 15:25
一看就是故意搞破坏。。。。还有谁相信,1080,2,06-22 14:14
尾盘50可别掉链子，上帝保佑阿门,366,0,06-22 14:14
希望今天2837是今年的底部了，周末再出点利好政策，停,1033,1,06-22 14:10
必破2500，拭目以待,351,0,06-22 13:34
这些50就是被那些人给玩坏了，,295,0,06-22 13:25
下周创新高,155,0,06-22 11:25
希望其他版块还算良好的指标和态势，可以帮助下上证50,386,0,06-22 11:14
继续拉指数呀,787,3,06-22 11:14
弱弱的问下，大盘2800，上证2500，这是什么关系。。。,2141,1,06-22 10:39
又开始下坠，真服了你了,240,0,06-22 10:27
50信心比黄金重要！,261,0,06-22 10:09
你们还有点大局观吗？毫无道德底线。,280,0,06-22 09:57
50涨啊~   要对的起误读这个绝妙的说辞啊~     不要给,323,0,06-22 09:56
趁热打铁啊！50你就是干这个的，坏的时候抗指数，抗也,323,0,06-22 09:52
开始拉证券了哈哈,220,0,06-22 09:42
请问今天拉不拉？[俏皮],311,0,06-22 09:37
上证指数再创新低！牛呗！,487,0,06-22 09:27
建议上证50里面的垄断性质的央企全部退市，支持的点赞,2181,6,06-22 08:41
没几个散户愿意留恋大癌股了！曲终人散。,771,1,06-22 08:31
宁德时代明天开版之后，会吸引多少交易量呢？,724,0,06-22 00:24
你会补跌吗?,221,0,06-21 21:07
越来越多的股票闪崩，有些人却装作看不见。装睡的人叫,2329,3,06-21 20:52
为人民的利益好多年没听到了！好感动啊！,288,0,06-21 19:55
资本绑架50指数！资本的含义应该好好的认知了！为“人,194,0,06-21 19:53
这50本想当定海神针，这下倒好成了觉尸米棍了，拉也不,336,0,06-21 19:21
支个招，每次大跌后关霉总唱多，而市场又总是不领情。,361,0,06-21 19:17
市场缺钱，下午跌出恐慌的话又要千股跌停,1330,3,06-21 15:11
做空忠果美丽人生！,482,1,06-21 15:10
又是上百家个股跌停[滴汗][滴汗],270,0,06-21 15:05
带头大哥打短线就不道德了,654,1,06-21 15:04
50不倒不会见底，等着抄底吧,317,0,06-21 15:02
明天吃货不[为什么],178,0,06-21 14:58
垃圾50,206,0,06-21 14:56
哈哈一天回到解放前,887,2,06-21 14:56
尾盘杀跌，千万别抢[拜神][拜神],246,0,06-21 14:51
尾盘杀跌，明天更加难测，认输出局[心碎],236,0,06-21 14:45
别再幻想了！看透他们了！,305,0,06-21 14:44
抓紧拉50吧,153,0,06-21 14:43
拉50给主子看，虚假！,231,0,06-21 14:35
只有拉创业板才能带动人气,155,0,06-21 14:32
让50一次跌个透吧，否则大盘永不见底,227,0,06-21 14:32
市场没有韭菜了机构只能互相伤害了继续砸盘没有小散为,224,0,06-21 14:28
看来韭菜们经过这么多年的收割消灭差不多了，己经扛不,249,0,06-21 14:25
上证50就是坨狗屎,185,0,06-21 14:25
股灾5.0来了,686,1,06-21 14:13
快拉毛台维稳！,169,0,06-21 14:08
上证50明天补跌,151,0,06-21 14:08
狗屎一样的上证50,185,0,06-21 14:02
简直不要脸了,244,0,06-21 13:48
工业4.0 ！ 股灾5.0！吹吧！,510,0,06-21 13:43
根本没有什么反弹，信心都快打崩了，苍天啊大地啊！上,246,0,06-21 13:39
什么时候不拉50了，什么时候才能见底。,200,0,06-21 13:31
血泪已经流出来了[哭][哭][哭][哭][哭][哭][哭][哭][,244,0,06-21 13:27
都来买上证50,246,0,06-21 13:15
无语,117,0,06-21 13:15
目前拉50还有意义吗。,189,0,06-21 13:14
傻逼50，作死。,809,1,06-21 12:45
指数不跌，千股跌停。情绪又错了,255,0,06-21 11:53
个股又闪崩呢，我勒个去,702,1,06-21 11:42
内心真崩了，怎么办啊？还有希望吗？,187,0,06-21 11:32
真金白银的救市吧！信心太重要了！,201,0,06-21 11:26
怪不得呢，又在拉50做指数。,333,1,06-21 11:22
拿的股票比那天千股跌停时的股价还低了，反弹个鸟啊？,590,1,06-21 11:17
自拉自唱,343,0,06-21 10:53
吹吹风继续拉50，真想骂人,435,0,06-21 10:21
50干的漂亮。,233,0,06-21 10:01
纳斯达克再创历史新高，真TM心塞！真的受外围影响一次,444,0,06-21 08:47
本世纪首次！中弘股份成非ST跌破面值第一股,348,0,06-21 07:43
明天看涨啊,250,0,06-20 18:10
反弹已结束！明天大杀四方！,351,0,06-20 17:35
买了它的期权，认沽，哈哈，大跌让我大赚一笔哦,195,0,06-20 16:11
A50干什么带头砸盘，日他仙人板板。,417,0,06-20 14:22
恭迎国家队上班。,687,1,06-20 13:03
大势己去！,973,2,06-20 11:56
[图片],210,1,06-20 11:54
突破下降平台了,499,1,06-20 11:43
砸盘的？,320,0,06-20 11:32
A50散户筹码清干净了吗?,222,0,06-20 11:18
艹,142,0,06-20 11:10
还不救市,280,0,06-20 11:03
今天再来个大跌，我抄底。,225,0,06-20 10:58
老子现在不炒股，只炒基金，大跌买，大涨卖，既上班，,367,0,06-20 10:56
50的带领会加速下跌或者上涨,437,1,06-20 10:55
多看  不动,253,0,06-20 10:28
我看到2350[微笑],241,0,06-20 10:25
上市900多股上涨，一点点的激情让50又快干没有了。,212,0,06-20 10:16
2630小盘，全面进攻。,170,0,06-20 09:59
看来昨天GJD护盘买入不少，今天先卖出，下午再买入护,172,0,06-20 09:48
50已经变心了？？,489,1,06-20 09:48
成也50败也50,111,0,06-20 09:47
国家队加油，再来个二千股跌停。,276,1,06-20 09:47
反弹无力。今天下午又千骨,171,0,06-20 09:42
今天50应该会提前上班的。准备开拉。,174,0,06-20 09:30
上证50,248,1,06-20 09:29
阿弥陀佛，阿弥陀佛，阿弥陀佛 阿弥陀佛，阿弥陀佛，,166,0,06-20 09:20
经历15年牛熊交点、大崩盘至今，“一行三会”在风控方,2409,2,06-20 08:36
防止大起大落还回荡在耳边呢！悲怆！,1814,1,06-20 08:35
跌停的没希望了。救市从没停的下手,661,1,06-20 08:35
不是很会拉50吗？现在怎么不拉了,641,1,06-20 08:34
中国大A高手如云啊！国家队超级护盘，为什么越护越低,1860,4,06-20 08:34
大盘启稳后，50百分之百补跌！,348,0,06-20 01:42
上证50里面挑选一下，市盈率低，成长性好，沪港通近两,4089,4,06-19 19:55
买入50避险[胜利],317,0,06-19 19:08
有风险苗头就应该尽早采取趋势，非要把风险累计大了又,513,0,06-19 17:47
千股跌停,315,0,06-19 17:16
为什么银行股，保险股今天不能大跌?,2268,1,06-19 16:32
今天不救市，不提前点救，就太危险了，还在犹豫什么？,1879,2,06-19 15:51
千股跌停常有，千股涨停不常有！不能这么玩！,530,1,06-19 15:13
现在上证50集体拉个涨停才能救市,1575,2,06-19 15:07
上证50在托盘,416,0,06-19 14:57
强烈建议 直接把50拉倒10000点,212,0,06-19 14:51
无耻,200,0,06-19 14:46
50认沽，50认沽。[大笑],318,0,06-19 14:46
死撑有用吗,414,0,06-19 14:45
力不从心啊,392,0,06-19 14:45
护盘开始,290,2,06-19 14:35
千股跌停奇观,577,0,06-19 14:34
50也守不住了，快速崩塌!,562,0,06-19 14:32
主要是管理层出的问题，股票先下，接着房价在下。,585,0,06-19 14:25
呵呵，狗比怕破2900又开始提裤子了[大便],436,0,06-19 14:24
银行保险护盘，跌到位多好啊！唉！,512,0,06-19 14:23
你今天能将A股拉红我服你,805,1,06-19 14:23
二点半跳水,221,0,06-19 14:17
比股灾还严重的趋势！,159,0,06-19 14:06
今天又是有什么利空？小米推迟发CDR？发CDR是跌，不发,1009,1,06-19 14:04
远离股市，远离实业,222,0,06-19 13:48
你们怎么不跌停啊,222,0,06-19 13:35
我国经济有那么差吗？至于总发生股灾么？答案是否定的,4357,5,06-19 13:33
大A2638见！,682,0,06-19 13:31
直接开砸吧，反正都不要脸了,164,0,06-19 13:25
现在最大的风险是50指数,258,0,06-19 13:20
这是个什么市场啊,990,2,06-19 11:41
别跑慢牛[大笑],225,0,06-19 11:35
国家队呢又割川韭菜[大笑],193,0,06-19 11:35
今天又是几大利空啊？,281,0,06-19 11:05
全面小康!全面致贫,189,0,06-19 10:57
遮羞布,184,0,06-19 10:57
大A老牛了！,362,1,06-19 10:40
你这垃圾都不配叫上证50,139,0,06-19 10:32
下跌就是最大的风险,151,0,06-19 10:18
看吐了这拉的,206,0,06-19 10:18
发行新股不影响大盘，这句话是谁说的,4391,8,06-19 09:55
还是我A股好啊太牛了,382,1,06-19 09:44
全靠你了,397,0,06-19 09:27
心态不扎实 再过硬的技术也不过一副空牌！ ‘不忘初心,824,4,06-19 02:01
下周大盘3000关口,1392,0,06-18 11:44
所谓的明晟指数股那纯属于国人的一厢情愿，外资也在做,1227,1,06-17 17:41
为什么，别人跌，我们跟着，别人涨你还跌，难道我们不,2687,8,06-17 16:04
真心请回一个答 你觉得这市场上头还care？,892,1,06-15 19:02
没文化，15年一样，越护，散户受伤的时间越长！足够主,508,0,06-15 17:37
操纵市场,1688,4,06-15 15:18
50翻红，晚上继续发新股,665,1,06-15 15:07
你特么真心不摇碧莲了！,702,1,06-15 15:03
最后两分钟翻个红吧！,185,0,06-15 14:59
不要急慢慢来。。。有涨有跌是正常现象[围观],411,0,06-15 14:26
茅台，恒瑞，有这两个就够了,264,0,06-15 14:13
别追诱多[献花][献花][献花]两点半跳水,409,0,06-15 14:12
强托50，牛逼[赞],773,2,06-15 14:07
今天凭什么低开那么多？,1828,3,06-15 14:04
还撑得住不？狗币,790,1,06-15 14:02
失去A股无所谓，失去所有的企业可以？,368,0,06-15 13:26
券商拉就拉狠一点啊！,211,0,06-15 13:17
撒比，继续拉50啊，看你麻痹的再把指数拉轰，吸血鬼,314,0,06-15 13:06
你今天不给力啊，马上红,384,0,06-15 11:53
上茅台吧！,349,0,06-15 11:52
管理者的能力厉害了！,214,0,06-15 11:27
每次指数不行的时候就买点50成份股，指数好了就马上跑,382,0,06-15 11:19
太过份了，操,353,0,06-15 11:19
50死，百姓安。,254,0,06-15 11:17
恳请你不要拉了,244,0,06-15 11:13
沪市跌破3000点，诱发资金市场系统性风险。,313,0,06-15 11:09
别慌！上证50稳着呢！又翻红啦！,296,0,06-15 11:03
硬撑着改变趋势，现在透支了，以后还得加倍的偿还，得,258,0,06-15 10:47
为什么50今天能低开那么多？,624,1,06-15 10:44
只能靠你了250同学。打错了，是50同学。其实这个点位,237,0,06-15 10:43
汪汪想不到[围观],170,0,06-15 10:41
买多上证50,195,0,06-15 10:34
好！开始护盘了，看看你能护盘多久啊！哈哈哈哈哈，天,423,0,06-15 10:26
江恩理论自然法则原理，上证指数即将见底开始一波上涨,21434,53,06-15 10:22
大家快看它红了！,235,0,06-15 10:16
昨天就是套人，今天直接低开，今天又赔三千，这几天赔,295,0,06-15 10:15
操纵美元进行时！还没人信？,141,0,06-15 09:56
争胜在俄罗斯！神经的美国！过时的茅50！可怜投资者！,213,0,06-14 22:29
明天，人命日？？报又会说，受外围～大爹影响，癌股受,520,0,06-14 17:58
50快冲啊！最后20分钟！让他们看看我们的厉害,756,1,06-14 15:03
漂亮的50今天不好意思收红,155,0,06-14 15:02
自己玩不寂寞吗？,195,0,06-14 14:44
漂亮50，真是漂亮，现在就看你能撑多久咯，呵呵，我等,573,1,06-14 14:41
强拉上50有屁用,518,1,06-14 14:41
这赌场太黑了。,203,0,06-14 14:40
垃圾上证50,239,0,06-14 14:30
挺好，又来救驾了！,213,0,06-14 14:29
五分钟后开始砸盘,198,0,06-14 14:29
想留全尸的清仓看世界杯,127,0,06-14 14:27
感觉大盘就在生死的边缘！每天创新低，但每次只低两三,186,0,06-14 14:22
今天被保险拉指数骗进来了，满仓啊。空仓这么久没逃脱,354,0,06-14 14:10
人为操纵的股市，令人作呕,594,1,06-14 14:10
还能不能行，能不能硬一回,265,0,06-14 14:01
国家对出手，明天要红盘,222,0,06-14 13:56
上茅台的时候了,263,0,06-14 13:54
上证50，沪深300联手下挫，观望实乃上策,311,0,06-14 13:53
50快崛起呀！大盘就靠你了！大盘又创新低！赶快拯救大,138,0,06-14 13:44
真不要脸,204,0,06-14 13:40
50伙计，你要死扛不要下来。,367,1,06-14 13:22
银行股何时能表现一下啊！,135,0,06-14 13:19
这个股市给搞得一点活力都没有！,200,0,06-14 11:31
快要崩盘了[大笑][大笑][大笑],241,0,06-14 11:31
空仓很久，被你一个拉指数，全仓给带沟里了！,295,0,06-14 11:29
过山车呀？,154,0,06-14 11:12
今天是个怎么回事？爆拉一下，又下来！,187,0,06-14 11:11
大癌又腿软，身体弱了,277,0,06-14 10:37
每一次冲高都是逃命的机会，后面的机会越来越少了,169,0,06-14 10:13
哈哈，又涨了，反弹早点离开股市吧,164,0,06-14 10:01
今天全靠你了，看看你怎么表演？。,204,0,06-14 09:16
你好皮，最后三分钟拉，不过效果也还行，让别人知道我,364,0,06-13 14:59
"所为的核心资产也只不过纸糊的,稍有风雨就原形毕露。",372,0,06-13 14:42
赶快拉50护盘，赶紧的，晚了就来不及啦[大笑],342,0,06-13 14:41
美国股市怕跌，中国股市怕涨，这就是国情不同点,774,1,06-13 14:37
这次大家都别接盘,286,0,06-13 14:31
价值投资喊了N年，你们没发现现在开始验证了吗？新股,319,0,06-13 13:54
不要脸，还学人低开，老美是能拉上去的,588,1,06-13 13:51
现在拉早点的,601,0,06-13 13:49
又玩拉50的把戏,351,0,06-13 13:47
上证50赶快起来护盘吧！,282,0,06-13 13:46
只剩下上证50的韭菜没有被割完了，加把劲！，再不割就,227,0,06-13 13:24
拉50会更糟糕,230,0,06-13 13:17
除50是国家队，其余股票2元以下。,224,0,06-13 13:08
小a又不行了，创新低进行中,216,0,06-13 11:24
别着急，50没上班呢，等会儿让你们看看霸王硬上弓——,234,0,06-13 09:58
卡尔，上,196,0,06-13 09:42
缩量反弹即将止步,1098,1,06-13 09:40
